timestamp,aktualna,maksymalna,temperatura,warunki
2025-09-20 14:26:22,50,80,22.8,1 - Głównie słonecznie
2025-09-20 14:29:10,50,80,22.8,1 - Głównie słonecznie
2025-09-20 15:05:13,50,80,22.8,1 - Głównie słonecznie
2025-09-20 15:39:16,50,80,22.8,1 - Głównie słonecznie
2025-09-20 15:51:09,50,80,22.8,1 - Głównie słonecznie
2025-09-20 16:32:55,50,80,22.8,1 - Głównie słonecznie
2025-09-20 16:51:36,50,80,22.8,1 - Głównie słonecznie
2025-09-20 17:30:41,50,80,22.8,1 - Głównie słonecznie
2025-09-20 17:44:53,50,80,22.8,1 - Głównie słonecznie
2025-09-20 17:51:27,50,80,22.8,1 - Głównie słonecznie
2025-09-20 18:37:55,50,80,22.8,1 - Głównie słonecznie
2025-09-20 18:51:35,40,80,22.8,1 - Głównie słonecznie
2025-09-20 19:11:03,40,80,22.8,1 - Głównie słonecznie
2025-09-20 19:27:55,40,80,22.8,1 - Głównie słonecznie
2025-09-20 19:39:13,40,80,22.8,1 - Głównie słonecznie
2025-09-20 19:52:35,40,80,22.8,1 - Głównie słonecznie
2025-09-20 20:42:53,40,80,22.8,1 - Głównie słonecznie
2025-09-20 20:52:40,40,80,22.8,1 - Głównie słonecznie
2025-09-20 21:21:40,00,80,22.8,1 - Głównie słonecznie
2025-09-20 21:40:22,00,80,22.8,1 - Głównie słonecznie
2025-09-20 21:51:22,00,80,22.8,1 - Głównie słonecznie
2025-09-20 22:36:38,00,80,22.8,1 - Głównie słonecznie
2025-09-20 22:42:38,00,80,22.8,1 - Głównie słonecznie
2025-09-20 22:53:20,00,80,22.8,1 - Głównie słonecznie
2025-09-20 23:25:21,00,80,22.8,1 - Głównie słonecznie
2025-09-20 23:40:30,00,80,22.8,1 - Głównie słonecznie
2025-09-20 23:52:47,00,80,22.8,1 - Głównie słonecznie
2025-09-21 00:33:29,00,80,22.8,1 - Głównie słonecznie
2025-09-21 00:51:43,00,80,22.8,1 - Głównie słonecznie
2025-09-21 01:27:45,00,80,22.8,1 - Głównie słonecznie
2025-09-21 01:42:34,00,80,22.8,1 - Głównie słonecznie
2025-09-21 01:51:54,00,80,22.8,1 - Głównie słonecznie
2025-09-21 05:20:47,00,80,22.8,1 - Głównie słonecznie
2025-09-21 05:57:34,00,80,22.8,1 - Głównie słonecznie
2025-09-21 06:40:54,00,80,22.8,1 - Głównie słonecznie
2025-09-21 06:51:59,00,80,22.8,1 - Głównie słonecznie
2025-09-21 07:34:54,15,80,22.8,1 - Głównie słonecznie
2025-09-21 07:53:17,15,80,22.8,1 - Głównie słonecznie
2025-09-21 08:48:05,15,80,22.8,1 - Głównie słonecznie
2025-09-21 09:27:28,33,80,22.8,1 - Głównie słonecznie
2025-09-21 09:39:23,33,80,22.8,1 - Głównie słonecznie
2025-09-21 09:50:59,33,80,22.8,1 - Głównie słonecznie
2025-09-21 10:37:25,33,80,22.8,1 - Głównie słonecznie
2025-09-21 10:52:31,33,80,22.8,1 - Głównie słonecznie
2025-09-21 11:29:19,49,80,22.8,1 - Głównie słonecznie
2025-09-21 11:42:03,49,80,22.8,1 - Głównie słonecznie
2025-09-21 11:51:48,44,80,22.8,1 - Głównie słonecznie
2025-09-21 12:36:31,44,80,22.8,1 - Głównie słonecznie
2025-09-21 12:51:18,44,80,22.8,1 - Głównie słonecznie
2025-09-21 13:25:01,30,80,22.8,1 - Głównie słonecznie
2025-09-21 13:41:52,30,80,22.8,1 - Głównie słonecznie
2025-09-21 13:53:01,30,80,22.8,1 - Głównie słonecznie
2025-09-21 15:05:54,27,80,22.8,1 - Głównie słonecznie
2025-09-21 15:36:42,27,80,22.8,1 - Głównie słonecznie
2025-09-21 15:51:54,27,80,22.8,1 - Głównie słonecznie
2025-09-21 16:33:50,27,80,22.8,1 - Głównie słonecznie
2025-09-21 16:53:01,27,80,22.8,1 - Głównie słonecznie
2025-09-21 17:30:30,27,80,22.8,1 - Głównie słonecznie
2025-09-21 17:41:47,27,80,22.8,1 - Głównie słonecznie
2025-09-21 17:52:45,29,80,22.8,1 - Głównie słonecznie
2025-09-21 18:41:08,29,80,22.8,1 - Głównie słonecznie
2025-09-21 18:52:33,29,80,22.8,1 - Głównie słonecznie
2025-09-21 19:31:32,35,80,22.8,1 - Głównie słonecznie
2025-09-21 19:41:59,35,80,22.8,1 - Głównie słonecznie
2025-09-21 19:53:42,35,80,22.8,1 - Głównie słonecznie
2025-09-21 20:43:45,35,80,22.8,1 - Głównie słonecznie
2025-09-21 20:54:15,35,80,22.8,1 - Głównie słonecznie
2025-09-21 21:24:26,00,80,22.8,1 - Głównie słonecznie
2025-09-21 21:41:08,00,80,22.8,1 - Głównie słonecznie
2025-09-21 21:52:28,00,80,22.8,1 - Głównie słonecznie
2025-09-21 22:34:01,00,80,22.8,1 - Głównie słonecznie
2025-09-21 22:52:36,00,80,22.8,1 - Głównie słonecznie
2025-09-21 23:28:44,00,80,22.8,1 - Głównie słonecznie
2025-09-21 23:40:20,00,80,22.8,1 - Głównie słonecznie
2025-09-21 23:52:22,00,80,22.8,1 - Głównie słonecznie
2025-09-22 00:34:37,00,80,22.8,1 - Głównie słonecznie
2025-09-22 00:52:09,00,80,22.8,1 - Głównie słonecznie
2025-09-22 01:29:28,00,80,22.8,1 - Głównie słonecznie
2025-09-22 01:41:16,00,80,22.8,1 - Głównie słonecznie
2025-09-22 01:53:09,00,80,22.8,1 - Głównie słonecznie
2025-09-22 05:19:27,00,80,22.8,1 - Głównie słonecznie
2025-09-22 05:57:15,00,80,22.8,1 - Głównie słonecznie
2025-09-22 06:42:06,05,80,22.8,1 - Głównie słonecznie
2025-09-22 06:55:22,05,80,22.8,1 - Głównie słonecznie
2025-09-22 07:37:51,20,80,22.8,1 - Głównie słonecznie
2025-09-22 07:52:44,20,80,22.8,1 - Głównie słonecznie
2025-09-22 09:34:30,20,80,22.8,1 - Głównie słonecznie
2025-09-22 10:12:07,20,80,22.8,1 - Głównie słonecznie
2025-09-22 10:49:30,20,80,24.0,0 - Bezchmurnie
2025-09-22 11:42:26,25,80,24.8,3 - Zachmurzenie całkowite
2025-09-22 11:52:13,25,80,25.0,3 - Zachmurzenie całkowite
2025-09-22 12:43:42,25,80,25.6,3 - Zachmurzenie całkowite
2025-09-22 12:54:44,25,80,25.8,3 - Zachmurzenie całkowite
2025-09-22 13:28:58,25,80,26.1,3 - Zachmurzenie całkowite
2025-09-22 13:43:50,35,80,26.3,3 - Zachmurzenie całkowite
2025-09-22 13:54:17,35,80,26.5,3 - Zachmurzenie całkowite
2025-09-22 15:37:25,35,80,26.5,3 - Zachmurzenie całkowite
2025-09-22 15:53:14,35,80,26.3,3 - Zachmurzenie całkowite
2025-09-22 16:42:05,35,80,25.7,3 - Zachmurzenie całkowite
2025-09-22 16:54:56,80,80,25.5,3 - Zachmurzenie całkowite
2025-09-22 17:37:21,80,80,24.7,3 - Zachmurzenie całkowite
2025-09-22 17:52:33,80,80,24.4,3 - Zachmurzenie całkowite
2025-09-22 18:45:18,80,80,22.8,3 - Zachmurzenie całkowite
2025-09-22 18:56:35,80,80,22.8,3 - Zachmurzenie całkowite
2025-09-22 19:30:45,80,80,22.1,3 - Zachmurzenie całkowite
2025-09-22 19:44:19,80,80,22.1,3 - Zachmurzenie całkowite
2025-09-22 19:53:00,80,80,22.0,3 - Zachmurzenie całkowite
2025-09-22 20:50:54,62,80,21.5,0 - Bezchmurnie
2025-09-22 21:25:38,00,80,21.2,0 - Bezchmurnie
2025-09-22 21:42:46,00,80,21.2,1 - Głównie słonecznie
2025-09-22 21:53:10,00,80,21.1,2 - Częściowo pochmurno
2025-09-22 22:39:59,00,80,20.8,3 - Zachmurzenie całkowite
2025-09-22 22:51:48,00,80,20.7,3 - Zachmurzenie całkowite
2025-09-22 23:31:08,00,80,19.2,2 - Częściowo pochmurno
2025-09-22 23:38:46,00,80,19.2,2 - Częściowo pochmurno
2025-09-22 23:52:45,00,80,18.8,3 - Zachmurzenie całkowite
2025-09-23 00:33:23,00,80,18.1,3 - Zachmurzenie całkowite
2025-09-23 00:51:02,00,80,18.0,2 - Częściowo pochmurno
2025-09-23 01:29:23,00,80,17.6,2 - Częściowo pochmurno
2025-09-23 01:42:09,00,80,17.3,1 - Głównie słonecznie
2025-09-23 01:50:58,00,80,17.0,0 - Bezchmurnie
2025-09-23 05:10:41,00,80,13.3,0 - Bezchmurnie
2025-09-23 05:50:53,00,80,13.2,3 - Zachmurzenie całkowite
2025-09-23 06:40:59,10,80,13.4,3 - Zachmurzenie całkowite
2025-09-23 06:51:42,10,80,13.7,3 - Zachmurzenie całkowite
2025-09-23 07:37:52,10,80,14.1,3 - Zachmurzenie całkowite
2025-09-23 07:51:48,10,80,14.1,3 - Zachmurzenie całkowite
2025-09-23 08:54:11,38,80,14.1,3 - Zachmurzenie całkowite
2025-09-23 09:33:43,45,80,14.2,3 - Zachmurzenie całkowite
2025-09-23 09:52:48,45,80,14.3,3 - Zachmurzenie całkowite
2025-09-23 10:46:33,45,80,14.4,3 - Zachmurzenie całkowite
2025-09-23 11:37:11,45,80,14.4,3 - Zachmurzenie całkowite
2025-09-23 11:51:47,45,80,14.6,3 - Zachmurzenie całkowite
2025-09-23 12:41:44,55,80,14.8,3 - Zachmurzenie całkowite
2025-09-23 12:53:41,55,80,14.8,3 - Zachmurzenie całkowite
2025-09-23 13:28:23,55,80,14.8,3 - Zachmurzenie całkowite
2025-09-23 13:41:41,55,80,14.8,3 - Zachmurzenie całkowite
2025-09-23 13:52:19,55,80,14.7,3 - Zachmurzenie całkowite
2025-09-23 15:36:36,69,80,15.0,3 - Zachmurzenie całkowite
2025-09-23 15:53:34,78,80,14.9,3 - Zachmurzenie całkowite
2025-09-23 16:42:01,80,80,14.4,3 - Zachmurzenie całkowite
2025-09-23 16:56:02,80,80,14.3,3 - Zachmurzenie całkowite
2025-09-23 17:37:43,80,80,13.4,3 - Zachmurzenie całkowite
2025-09-23 17:51:36,80,80,13.2,3 - Zachmurzenie całkowite
2025-09-23 18:46:24,70,80,12.6,3 - Zachmurzenie całkowite
2025-09-23 18:56:34,70,80,12.6,3 - Zachmurzenie całkowite
2025-09-23 19:34:14,55,80,12.3,3 - Zachmurzenie całkowite
2025-09-23 19:42:47,55,80,12.3,3 - Zachmurzenie całkowite
2025-09-23 19:52:58,55,80,12.2,3 - Zachmurzenie całkowite
2025-09-23 20:50:08,50,80,12.1,3 - Zachmurzenie całkowite
2025-09-23 21:27:55,00,80,12.0,3 - Zachmurzenie całkowite
2025-09-23 21:42:21,00,80,11.9,3 - Zachmurzenie całkowite
2025-09-23 21:51:14,00,80,11.9,3 - Zachmurzenie całkowite
2025-09-23 22:37:27,00,80,11.8,3 - Zachmurzenie całkowite
2025-09-23 22:51:37,00,80,11.8,3 - Zachmurzenie całkowite
2025-09-23 23:30:46,00,80,11.5,3 - Zachmurzenie całkowite
2025-09-23 23:41:07,00,80,11.5,3 - Zachmurzenie całkowite
2025-09-23 23:52:21,00,80,11.5,3 - Zachmurzenie całkowite
2025-09-24 00:35:33,00,80,11.4,3 - Zachmurzenie całkowite
2025-09-24 00:51:17,00,80,11.4,3 - Zachmurzenie całkowite
2025-09-24 01:29:05,00,80,11.3,51 - Mżawka lekka
2025-09-24 01:42:15,00,80,11.3,51 - Mżawka lekka
2025-09-24 01:52:12,00,80,11.2,51 - Mżawka lekka
2025-09-24 05:10:26,00,80,10.9,53 - Mżawka umiarkowana
2025-09-24 05:51:07,00,80,10.9,51 - Mżawka lekka
2025-09-24 06:41:22,10,80,10.9,3 - Zachmurzenie całkowite
2025-09-24 06:54:32,10,80,10.9,3 - Zachmurzenie całkowite
2025-09-24 07:34:39,33,80,10.9,3 - Zachmurzenie całkowite
2025-09-24 07:51:58,33,80,10.9,3 - Zachmurzenie całkowite
2025-09-24 08:52:23,41,80,10.8,3 - Zachmurzenie całkowite
2025-09-24 09:33:53,41,80,10.8,3 - Zachmurzenie całkowite
2025-09-24 09:53:28,28,80,10.8,3 - Zachmurzenie całkowite
2025-09-24 10:49:28,28,80,10.8,3 - Zachmurzenie całkowite
2025-09-24 11:37:09,28,80,10.6,53 - Mżawka umiarkowana
2025-09-24 11:51:02,28,80,10.6,53 - Mżawka umiarkowana
2025-09-24 12:42:29,45,80,10.4,51 - Mżawka lekka
2025-09-24 12:52:59,45,80,10.3,51 - Mżawka lekka
2025-09-24 13:26:58,45,80,10.1,51 - Mżawka lekka
2025-09-24 13:42:18,45,80,10.1,51 - Mżawka lekka
2025-09-24 13:52:07,45,80,10.1,51 - Mżawka lekka
2025-09-24 15:36:04,27,80,9.1,55 - Mżawka gęsta
2025-09-24 15:53:17,27,80,9.1,55 - Mżawka gęsta
2025-09-24 16:38:45,27,80,9.2,3 - Zachmurzenie całkowite
2025-09-24 16:53:13,27,80,9.2,3 - Zachmurzenie całkowite
2025-09-24 17:37:18,80,80,9.1,53 - Mżawka umiarkowana
2025-09-24 17:51:47,80,80,9.2,53 - Mżawka umiarkowana
2025-09-24 18:49:50,80,80,9.1,3 - Zachmurzenie całkowite
2025-09-24 19:35:16,76,80,9.0,3 - Zachmurzenie całkowite
2025-09-24 19:52:01,76,80,9.0,3 - Zachmurzenie całkowite
2025-09-24 20:46:07,65,80,8.8,2 - Częściowo pochmurno
2025-09-24 21:26:54,65,80,8.6,1 - Głównie słonecznie
2025-09-24 21:40:52,65,80,8.4,1 - Głównie słonecznie
2025-09-24 21:51:57,00,80,8.1,0 - Bezchmurnie
2025-09-24 22:35:24,00,80,7.6,0 - Bezchmurnie
2025-09-24 22:51:15,00,80,7.3,0 - Bezchmurnie
2025-09-24 23:28:32,00,80,7.3,2 - Częściowo pochmurno
2025-09-24 23:40:58,00,80,7.2,2 - Częściowo pochmurno
2025-09-24 23:52:00,00,80,7.1,1 - Głównie słonecznie
2025-09-25 00:34:36,00,80,6.8,0 - Bezchmurnie
2025-09-25 00:51:33,00,80,6.8,0 - Bezchmurnie
2025-09-25 01:31:43,00,80,6.6,0 - Bezchmurnie
2025-09-25 01:42:08,00,80,6.6,0 - Bezchmurnie
2025-09-25 01:52:38,00,80,6.4,0 - Bezchmurnie
2025-09-25 05:13:50,00,80,4.4,1 - Głównie słonecznie
2025-09-25 05:53:20,00,80,4.4,0 - Bezchmurnie
2025-09-25 06:42:17,11,80,4.3,0 - Bezchmurnie
2025-09-25 06:53:50,16,80,4.4,0 - Bezchmurnie
2025-09-25 07:35:29,16,80,4.9,0 - Bezchmurnie
2025-09-25 07:51:35,16,80,5.3,0 - Bezchmurnie
2025-09-25 08:53:05,16,80,6.8,0 - Bezchmurnie
2025-09-25 09:33:24,42,80,8.2,0 - Bezchmurnie
2025-09-25 09:52:53,42,80,8.7,0 - Bezchmurnie
2025-09-25 10:48:01,42,80,10.4,0 - Bezchmurnie
2025-09-25 11:34:55,42,80,11.5,0 - Bezchmurnie
2025-09-25 11:52:07,42,80,11.8,0 - Bezchmurnie
2025-09-25 12:51:53,42,80,12.5,1 - Głównie słonecznie
2025-09-25 13:29:40,42,80,12.8,1 - Głównie słonecznie
2025-09-25 13:41:48,37,80,12.9,1 - Głównie słonecznie
2025-09-25 13:54:18,37,80,13.0,0 - Bezchmurnie
2025-09-25 15:42:04,75,80,13.1,3 - Zachmurzenie całkowite
2025-09-25 15:57:27,75,80,13.1,3 - Zachmurzenie całkowite
2025-09-25 16:45:10,80,80,12.6,3 - Zachmurzenie całkowite
2025-09-25 16:55:50,80,80,12.6,3 - Zachmurzenie całkowite
2025-09-25 17:40:00,70,80,11.9,3 - Zachmurzenie całkowite
2025-09-25 17:52:33,70,80,11.6,3 - Zachmurzenie całkowite
2025-09-25 18:53:09,70,80,10.3,3 - Zachmurzenie całkowite
2025-09-25 19:34:07,62,80,9.7,3 - Zachmurzenie całkowite
2025-09-25 19:53:16,62,80,9.6,3 - Zachmurzenie całkowite
2025-09-25 20:59:16,65,80,9.1,3 - Zachmurzenie całkowite
2025-09-25 21:27:24,00,80,9.0,3 - Zachmurzenie całkowite
2025-09-25 21:41:27,00,80,8.9,3 - Zachmurzenie całkowite
2025-09-25 21:50:59,00,80,8.8,3 - Zachmurzenie całkowite
2025-09-25 22:36:41,00,80,8.4,3 - Zachmurzenie całkowite
2025-09-25 22:53:21,00,80,8.2,3 - Zachmurzenie całkowite
2025-09-25 23:26:03,00,80,8.0,3 - Zachmurzenie całkowite
2025-09-25 23:41:08,00,80,8.1,3 - Zachmurzenie całkowite
2025-09-25 23:53:04,00,80,7.9,3 - Zachmurzenie całkowite
2025-09-26 00:33:00,00,80,7.4,3 - Zachmurzenie całkowite
2025-09-26 00:51:22,00,80,7.2,3 - Zachmurzenie całkowite
2025-09-26 01:28:13,00,80,7.1,3 - Zachmurzenie całkowite
2025-09-26 01:43:08,00,80,6.9,3 - Zachmurzenie całkowite
2025-09-26 01:53:39,00,80,6.8,3 - Zachmurzenie całkowite
2025-09-26 05:11:17,00,80,5.9,3 - Zachmurzenie całkowite
2025-09-26 05:51:56,00,80,5.6,3 - Zachmurzenie całkowite
2025-09-26 06:40:48,7,80,5.4,3 - Zachmurzenie całkowite
2025-09-26 06:51:13,7,80,5.3,3 - Zachmurzenie całkowite
2025-09-26 07:36:25,10,80,5.8,3 - Zachmurzenie całkowite
2025-09-26 07:53:03,10,80,6.2,3 - Zachmurzenie całkowite
2025-09-26 08:50:55,45,80,7.8,3 - Zachmurzenie całkowite
2025-09-26 09:32:26,48,80,9.1,3 - Zachmurzenie całkowite
2025-09-26 09:51:29,48,80,9.4,3 - Zachmurzenie całkowite
2025-09-26 10:46:50,30,80,11.2,3 - Zachmurzenie całkowite
2025-09-26 11:34:50,30,80,12.6,2 - Częściowo pochmurno
2025-09-26 11:52:58,30,80,13.0,2 - Częściowo pochmurno
2025-09-26 12:40:50,30,80,14.0,3 - Zachmurzenie całkowite
2025-09-26 12:51:48,30,80,14.2,3 - Zachmurzenie całkowite
2025-09-26 13:27:42,30,80,14.7,3 - Zachmurzenie całkowite
2025-09-26 13:42:57,35,80,14.9,2 - Częściowo pochmurno
2025-09-26 13:52:38,35,80,15.1,2 - Częściowo pochmurno
2025-09-26 15:20:10,48,80,15.4,1 - Głównie słonecznie
2025-09-26 15:47:23,48,80,15.3,1 - Głównie słonecznie
2025-09-26 16:35:04,48,80,15.1,0 - Bezchmurnie
2025-09-26 16:51:46,48,80,14.9,0 - Bezchmurnie
2025-09-26 17:34:14,80,80,14.1,0 - Bezchmurnie
2025-09-26 17:51:18,80,80,13.9,0 - Bezchmurnie
2025-09-26 18:44:50,80,80,12.8,0 - Bezchmurnie
2025-09-26 18:56:15,80,80,12.3,0 - Bezchmurnie
2025-09-26 19:32:04,80,80,11.1,0 - Bezchmurnie
2025-09-26 19:52:51,80,80,10.6,0 - Bezchmurnie
2025-09-26 20:46:33,80,80,9.2,0 - Bezchmurnie
2025-09-26 21:23:46,00,80,8.7,0 - Bezchmurnie
2025-09-26 21:40:51,00,80,8.4,0 - Bezchmurnie
2025-09-26 21:52:31,00,80,8.1,0 - Bezchmurnie
2025-09-26 22:37:01,00,80,7.2,0 - Bezchmurnie
2025-09-26 22:52:36,00,80,7.0,0 - Bezchmurnie
2025-09-26 23:28:18,00,80,6.6,0 - Bezchmurnie
2025-09-26 23:40:39,00,80,6.3,0 - Bezchmurnie
2025-09-26 23:52:49,00,80,6.1,0 - Bezchmurnie
2025-09-27 00:33:54,00,80,5.3,0 - Bezchmurnie
2025-09-27 00:52:10,00,80,5.1,0 - Bezchmurnie
2025-09-27 01:30:29,00,80,4.4,0 - Bezchmurnie
2025-09-27 01:40:51,00,80,4.4,0 - Bezchmurnie
2025-09-27 01:51:12,00,80,4.2,0 - Bezchmurnie
2025-09-27 05:05:22,00,80,2.8,0 - Bezchmurnie
2025-09-27 05:46:29,00,80,2.5,0 - Bezchmurnie
2025-09-27 06:39:17,11,80,2.3,0 - Bezchmurnie
2025-09-27 07:33:40,17,80,3.0,0 - Bezchmurnie
2025-09-27 07:52:09,17,80,3.5,0 - Bezchmurnie
2025-09-27 08:43:11,60,80,5.2,0 - Bezchmurnie
2025-09-27 08:53:12,60,80,5.8,0 - Bezchmurnie
2025-09-27 09:26:15,78,80,7.1,0 - Bezchmurnie
2025-09-27 09:40:11,80,80,7.8,0 - Bezchmurnie
2025-09-27 09:54:24,80,80,8.6,0 - Bezchmurnie
2025-09-27 10:38:10,80,80,10.4,0 - Bezchmurnie
2025-09-27 10:51:23,80,80,11.0,0 - Bezchmurnie
2025-09-27 11:29:39,80,80,12.0,0 - Bezchmurnie
2025-09-27 11:40:23,80,80,12.6,0 - Bezchmurnie
2025-09-27 11:52:49,80,80,13.2,0 - Bezchmurnie
2025-09-27 12:33:40,80,80,14.6,0 - Bezchmurnie
2025-09-27 12:52:43,80,80,15.0,0 - Bezchmurnie
2025-09-27 13:29:11,71,80,15.6,0 - Bezchmurnie
2025-09-27 13:41:22,71,80,15.9,0 - Bezchmurnie
2025-09-27 13:54:54,71,80,16.2,0 - Bezchmurnie
2025-09-27 15:08:19,64,80,17.0,2 - Częściowo pochmurno
2025-09-27 15:37:28,64,80,17.0,3 - Zachmurzenie całkowite
2025-09-27 15:57:54,64,80,17.0,3 - Zachmurzenie całkowite
2025-09-27 16:37:49,64,80,16.8,3 - Zachmurzenie całkowite
2025-09-27 16:56:11,64,80,16.6,3 - Zachmurzenie całkowite
2025-09-27 17:33:54,58,80,15.4,3 - Zachmurzenie całkowite
2025-09-27 17:47:47,52,80,14.9,3 - Zachmurzenie całkowite
2025-09-27 17:57:18,52,80,14.9,3 - Zachmurzenie całkowite
2025-09-27 18:43:49,52,80,13.6,3 - Zachmurzenie całkowite
2025-09-27 18:57:21,52,80,13.2,3 - Zachmurzenie całkowite
2025-09-27 19:34:32,30,80,12.2,3 - Zachmurzenie całkowite
2025-09-27 19:46:45,30,80,12.1,3 - Zachmurzenie całkowite
2025-09-27 19:57:15,30,80,12.1,3 - Zachmurzenie całkowite
2025-09-27 20:48:47,30,80,11.6,3 - Zachmurzenie całkowite
2025-09-27 20:58:32,30,80,11.6,3 - Zachmurzenie całkowite
2025-09-27 21:26:53,00,80,11.2,3 - Zachmurzenie całkowite
2025-09-27 21:46:08,00,80,10.7,3 - Zachmurzenie całkowite
2025-09-27 21:57:08,00,80,10.7,3 - Zachmurzenie całkowite
2025-09-27 22:31:31,00,80,10.2,3 - Zachmurzenie całkowite
2025-09-27 22:52:40,00,80,10.1,3 - Zachmurzenie całkowite
2025-09-27 23:29:26,00,80,9.9,3 - Zachmurzenie całkowite
2025-09-27 23:41:18,00,80,9.6,3 - Zachmurzenie całkowite
2025-09-27 23:52:54,00,80,9.4,3 - Zachmurzenie całkowite
2025-09-28 00:33:30,00,80,8.9,3 - Zachmurzenie całkowite
2025-09-28 00:51:53,00,80,8.6,3 - Zachmurzenie całkowite
2025-09-28 01:28:23,00,80,8.3,3 - Zachmurzenie całkowite
2025-09-28 01:41:31,00,80,8.1,3 - Zachmurzenie całkowite
2025-09-28 01:52:57,00,80,7.9,3 - Zachmurzenie całkowite
2025-09-28 05:19:32,00,80,6.3,3 - Zachmurzenie całkowite
2025-09-28 05:56:03,00,80,6.2,3 - Zachmurzenie całkowite
2025-09-28 06:40:24,10,80,6.2,3 - Zachmurzenie całkowite
2025-09-28 06:50:47,10,80,6.2,2 - Częściowo pochmurno
2025-09-28 07:34:02,15,80,6.7,3 - Zachmurzenie całkowite
2025-09-28 07:52:54,15,80,6.9,3 - Zachmurzenie całkowite
2025-09-28 08:47:17,15,80,8.2,2 - Częściowo pochmurno
2025-09-28 09:27:35,21,80,9.3,2 - Częściowo pochmurno
2025-09-28 09:40:15,28,80,10.1,2 - Częściowo pochmurno
2025-09-28 09:51:22,28,80,10.7,3 - Zachmurzenie całkowite
2025-09-28 10:38:46,28,80,12.1,3 - Zachmurzenie całkowite
2025-09-28 10:51:20,48,80,12.6,3 - Zachmurzenie całkowite
2025-09-28 11:29:15,48,80,13.1,3 - Zachmurzenie całkowite
2025-09-28 11:46:26,48,80,13.5,3 - Zachmurzenie całkowite
2025-09-28 11:52:16,48,80,13.5,3 - Zachmurzenie całkowite
2025-09-28 12:35:21,48,80,12.9,3 - Zachmurzenie całkowite
2025-09-28 12:59:14,48,80,12.6,3 - Zachmurzenie całkowite
2025-09-28 13:24:25,48,80,12.0,3 - Zachmurzenie całkowite
2025-09-28 13:41:44,48,80,11.8,3 - Zachmurzenie całkowite
2025-09-28 13:51:22,48,80,11.5,3 - Zachmurzenie całkowite
2025-09-28 15:10:28,30,80,12.1,3 - Zachmurzenie całkowite
2025-09-28 15:39:09,Brak,Brak,12.1,3 - Zachmurzenie całkowite
2025-09-28 15:57:38,40,80,12.0,3 - Zachmurzenie całkowite
2025-09-28 16:35:01,40,80,11.8,3 - Zachmurzenie całkowite
2025-09-28 16:46:01,40,80,11.7,3 - Zachmurzenie całkowite
2025-09-28 16:57:53,Brak,Brak,11.7,3 - Zachmurzenie całkowite
2025-09-28 17:33:40,40,80,12.1,2 - Częściowo pochmurno
2025-09-28 17:46:32,40,80,11.9,1 - Głównie słonecznie
2025-09-28 18:42:04,40,80,11.3,0 - Bezchmurnie
2025-09-28 18:56:42,40,80,11.1,0 - Bezchmurnie
2025-09-28 19:29:54,30,80,10.8,1 - Głównie słonecznie
2025-09-28 19:40:49,30,80,10.6,2 - Częściowo pochmurno
2025-09-28 19:51:23,30,80,10.3,3 - Zachmurzenie całkowite
2025-09-28 20:43:04,30,80,9.8,3 - Zachmurzenie całkowite
2025-09-28 21:23:21,00,80,9.6,3 - Zachmurzenie całkowite
2025-09-28 21:39:17,00,80,9.6,3 - Zachmurzenie całkowite
2025-09-28 21:51:13,00,80,9.6,3 - Zachmurzenie całkowite
2025-09-28 22:33:46,00,80,9.6,3 - Zachmurzenie całkowite
2025-09-28 22:52:22,00,80,9.5,3 - Zachmurzenie całkowite
2025-09-28 23:27:09,00,80,9.4,3 - Zachmurzenie całkowite
2025-09-28 23:41:39,00,80,9.4,3 - Zachmurzenie całkowite
2025-09-28 23:53:45,00,80,9.2,3 - Zachmurzenie całkowite
2025-09-29 00:34:24,00,80,9.1,3 - Zachmurzenie całkowite
2025-09-29 00:53:04,00,80,9.1,3 - Zachmurzenie całkowite
2025-09-29 01:28:23,00,80,8.9,3 - Zachmurzenie całkowite
2025-09-29 01:42:12,00,80,8.9,3 - Zachmurzenie całkowite
2025-09-29 01:51:54,00,80,8.9,3 - Zachmurzenie całkowite
2025-09-29 05:16:37,00,80,8.5,3 - Zachmurzenie całkowite
2025-09-29 06:06:13,Brak,Brak,8.3,61 - Deszcz lekki
2025-09-29 06:43:26,13,80,8.2,61 - Deszcz lekki
2025-09-29 06:51:53,Brak,Brak,8.1,61 - Deszcz lekki
2025-09-29 07:38:37,13,80,8.1,61 - Deszcz lekki
2025-09-29 07:53:04,13,80,8.1,61 - Deszcz lekki
2025-09-29 08:55:47,31,80,8.3,51 - Mżawka lekka
2025-09-29 09:34:11,52,80,8.4,3 - Zachmurzenie całkowite
2025-09-29 09:52:42,52,80,8.4,3 - Zachmurzenie całkowite
2025-09-29 10:52:23,52,80,8.2,3 - Zachmurzenie całkowite
2025-09-29 11:41:28,27,80,8.2,51 - Mżawka lekka
2025-09-29 11:52:10,27,80,8.4,51 - Mżawka lekka
2025-09-29 12:45:21,27,80,9.5,3 - Zachmurzenie całkowite
2025-09-29 12:56:24,27,80,9.5,3 - Zachmurzenie całkowite
2025-09-29 13:29:48,27,80,9.7,3 - Zachmurzenie całkowite
2025-09-29 13:44:08,27,80,9.6,3 - Zachmurzenie całkowite
2025-09-29 13:53:16,27,80,9.4,3 - Zachmurzenie całkowite
2025-09-29 15:40:11,27,80,8.9,3 - Zachmurzenie całkowite
2025-09-29 15:55:33,27,80,9.1,3 - Zachmurzenie całkowite
2025-09-29 16:43:32,74,80,9.0,3 - Zachmurzenie całkowite
2025-09-29 16:53:35,Brak,Brak,8.8,3 - Zachmurzenie całkowite
2025-09-29 17:36:12,80,80,8.8,3 - Zachmurzenie całkowite
2025-09-29 17:51:13,80,80,8.6,3 - Zachmurzenie całkowite
2025-09-29 18:34:32,80,80,8.4,3 - Zachmurzenie całkowite
2025-09-29 18:52:21,80,80,8.3,3 - Zachmurzenie całkowite
2025-09-29 19:32:27,71,80,8.1,3 - Zachmurzenie całkowite
2025-09-29 19:53:18,80,80,8.1,3 - Zachmurzenie całkowite
2025-09-29 20:51:16,75,80,7.9,3 - Zachmurzenie całkowite
2025-09-29 21:26:06,00,80,7.8,3 - Zachmurzenie całkowite
2025-09-29 21:41:05,00,80,7.8,3 - Zachmurzenie całkowite
2025-09-29 21:52:31,00,80,7.8,3 - Zachmurzenie całkowite
2025-09-29 22:32:16,00,80,7.7,3 - Zachmurzenie całkowite
2025-09-29 22:53:22,00,80,7.6,3 - Zachmurzenie całkowite
2025-09-29 23:33:04,00,80,7.6,3 - Zachmurzenie całkowite
2025-09-29 23:42:00,00,80,7.6,3 - Zachmurzenie całkowite
2025-09-29 23:56:00,Brak,Brak,7.6,3 - Zachmurzenie całkowite
2025-09-30 00:28:04,00,80,7.6,3 - Zachmurzenie całkowite
2025-09-30 00:41:44,00,80,7.6,3 - Zachmurzenie całkowite
2025-09-30 00:51:42,00,80,7.6,3 - Zachmurzenie całkowite
2025-09-30 01:30:42,00,80,7.7,3 - Zachmurzenie całkowite
2025-09-30 01:43:29,00,80,7.7,3 - Zachmurzenie całkowite
2025-09-30 01:51:50,00,80,7.7,3 - Zachmurzenie całkowite
2025-09-30 05:08:03,00,80,7.8,3 - Zachmurzenie całkowite
2025-09-30 05:51:41,00,80,7.9,3 - Zachmurzenie całkowite
2025-09-30 06:40:37,12,80,7.8,3 - Zachmurzenie całkowite
2025-09-30 06:51:47,12,80,7.8,3 - Zachmurzenie całkowite
2025-09-30 07:36:13,12,80,7.9,3 - Zachmurzenie całkowite
2025-09-30 07:51:39,12,80,7.9,3 - Zachmurzenie całkowite
2025-09-30 08:54:27,40,80,8.3,3 - Zachmurzenie całkowite
2025-09-30 09:35:17,40,80,8.4,3 - Zachmurzenie całkowite
2025-09-30 09:51:04,40,80,8.3,3 - Zachmurzenie całkowite
2025-09-30 10:51:41,40,80,8.4,51 - Mżawka lekka
2025-09-30 11:35:50,20,80,8.9,51 - Mżawka lekka
2025-09-30 11:51:15,20,80,9.2,51 - Mżawka lekka
2025-09-30 12:45:07,30,80,9.9,3 - Zachmurzenie całkowite
2025-09-30 12:51:54,30,80,9.9,3 - Zachmurzenie całkowite
2025-09-30 13:29:32,30,80,10.1,3 - Zachmurzenie całkowite
2025-09-30 13:43:39,30,80,10.4,3 - Zachmurzenie całkowite
2025-09-30 13:52:23,30,80,10.6,3 - Zachmurzenie całkowite
2025-09-30 15:37:32,68,80,10.1,3 - Zachmurzenie całkowite
2025-09-30 15:54:45,68,80,9.9,3 - Zachmurzenie całkowite
2025-09-30 16:35:21,68,80,9.4,51 - Mżawka lekka
2025-09-30 16:52:06,68,80,9.4,51 - Mżawka lekka
2025-09-30 17:38:49,75,80,8.8,3 - Zachmurzenie całkowite
2025-09-30 17:53:35,75,80,8.6,3 - Zachmurzenie całkowite
2025-09-30 18:48:28,75,80,8.2,3 - Zachmurzenie całkowite
2025-09-30 19:35:06,45,80,8.1,3 - Zachmurzenie całkowite
2025-09-30 19:51:02,66,80,8.0,3 - Zachmurzenie całkowite
2025-09-30 20:49:34,70,80,7.8,3 - Zachmurzenie całkowite
2025-09-30 21:25:31,00,80,7.7,3 - Zachmurzenie całkowite
2025-09-30 21:41:31,00,80,7.7,3 - Zachmurzenie całkowite
2025-09-30 21:53:23,00,80,7.6,3 - Zachmurzenie całkowite
2025-09-30 22:37:17,00,80,7.5,3 - Zachmurzenie całkowite
2025-09-30 22:51:24,00,80,7.4,3 - Zachmurzenie całkowite
2025-09-30 23:28:57,00,80,7.3,51 - Mżawka lekka
2025-09-30 23:41:52,00,80,7.3,51 - Mżawka lekka
2025-09-30 23:53:48,00,80,7.2,51 - Mżawka lekka
2025-10-01 00:34:47,00,80,7.2,51 - Mżawka lekka
2025-10-01 00:51:16,00,80,7.2,51 - Mżawka lekka
2025-10-01 01:29:42,00,80,7.1,51 - Mżawka lekka
2025-10-01 01:41:18,00,80,7.1,51 - Mżawka lekka
2025-10-01 01:51:58,00,80,7.1,51 - Mżawka lekka
2025-10-01 05:35:12,00,80,7.3,53 - Mżawka umiarkowana
2025-10-01 06:00:29,00,80,7.2,3 - Zachmurzenie całkowite
2025-10-01 06:42:35,00,80,7.2,3 - Zachmurzenie całkowite
2025-10-01 06:52:59,00,80,7.2,3 - Zachmurzenie całkowite
2025-10-01 07:38:26,23,80,7.2,3 - Zachmurzenie całkowite
2025-10-01 07:51:28,23,80,7.2,3 - Zachmurzenie całkowite
2025-10-01 08:53:24,23,80,7.0,51 - Mżawka lekka
2025-10-01 09:34:13,23,80,7.3,51 - Mżawka lekka
2025-10-01 09:51:08,23,80,7.4,51 - Mżawka lekka
2025-10-01 10:49:00,39,80,8.0,3 - Zachmurzenie całkowite
2025-10-01 11:38:36,39,80,8.6,3 - Zachmurzenie całkowite
2025-10-01 11:51:18,39,80,8.9,3 - Zachmurzenie całkowite
2025-10-01 12:43:34,39,80,9.2,3 - Zachmurzenie całkowite
2025-10-01 12:52:51,39,80,9.3,3 - Zachmurzenie całkowite
2025-10-01 13:29:56,39,80,9.4,3 - Zachmurzenie całkowite
2025-10-01 13:42:23,39,80,9.6,3 - Zachmurzenie całkowite
2025-10-01 13:52:26,39,80,9.7,3 - Zachmurzenie całkowite
2025-10-01 15:41:22,63,80,10.0,2 - Częściowo pochmurno
2025-10-01 15:54:01,63,80,10.0,1 - Głównie słonecznie
2025-10-01 16:43:07,80,80,9.7,1 - Głównie słonecznie
2025-10-01 16:58:53,80,80,9.6,2 - Częściowo pochmurno
2025-10-01 17:34:17,80,80,8.8,3 - Zachmurzenie całkowite
2025-10-01 17:52:34,50,80,8.4,2 - Częściowo pochmurno
2025-10-01 18:46:12,50,80,7.0,3 - Zachmurzenie całkowite
2025-10-01 18:56:55,50,80,7.0,3 - Zachmurzenie całkowite
2025-10-01 19:35:40,68,80,6.2,3 - Zachmurzenie całkowite
2025-10-01 19:52:57,68,80,6.1,3 - Zachmurzenie całkowite
2025-10-01 20:51:11,80,80,5.1,1 - Głównie słonecznie
2025-10-01 21:27:27,00,80,4.7,0 - Bezchmurnie
2025-10-01 21:40:47,00,80,4.4,0 - Bezchmurnie
2025-10-01 21:53:12,00,80,4.2,1 - Głównie słonecznie
2025-10-01 22:36:27,00,80,3.8,2 - Częściowo pochmurno
2025-10-01 22:51:39,00,80,3.8,3 - Zachmurzenie całkowite
2025-10-01 23:30:39,00,80,3.3,2 - Częściowo pochmurno
2025-10-01 23:41:29,00,80,3.3,2 - Częściowo pochmurno
2025-10-01 23:53:17,00,80,3.2,3 - Zachmurzenie całkowite
2025-10-02 00:35:05,00,80,3.1,2 - Częściowo pochmurno
2025-10-02 00:52:51,00,80,3.0,1 - Głównie słonecznie
2025-10-02 01:30:16,00,80,2.7,0 - Bezchmurnie
2025-10-02 01:45:16,00,80,2.5,1 - Głównie słonecznie
2025-10-02 01:52:55,00,80,2.5,1 - Głównie słonecznie
2025-10-02 05:09:16,00,80,1.5,2 - Częściowo pochmurno
2025-10-02 05:48:27,00,80,2.0,1 - Głównie słonecznie
2025-10-02 06:43:27,00,80,1.9,2 - Częściowo pochmurno
2025-10-02 06:51:28,00,80,1.9,3 - Zachmurzenie całkowite
2025-10-02 07:33:59,15,80,2.3,3 - Zachmurzenie całkowite
2025-10-02 07:51:36,15,80,2.5,3 - Zachmurzenie całkowite
2025-10-02 08:53:13,40,80,3.8,0 - Bezchmurnie
2025-10-02 09:32:57,30,80,5.2,0 - Bezchmurnie
2025-10-02 09:42:24,30,80,5.2,0 - Bezchmurnie
2025-10-02 09:52:52,30,80,5.8,0 - Bezchmurnie
2025-10-02 10:45:38,30,80,7.9,2 - Częściowo pochmurno
2025-10-02 10:56:00,30,80,7.9,2 - Częściowo pochmurno
2025-10-02 11:34:47,30,80,9.0,0 - Bezchmurnie
2025-10-02 11:52:06,30,80,9.3,0 - Bezchmurnie
2025-10-02 12:39:46,30,80,10.1,0 - Bezchmurnie
2025-10-02 12:52:47,30,80,10.2,0 - Bezchmurnie
2025-10-02 13:26:53,45,80,10.6,0 - Bezchmurnie
2025-10-02 13:42:30,45,80,10.8,0 - Bezchmurnie
2025-10-02 13:51:26,50,80,10.9,0 - Bezchmurnie
2025-10-02 15:21:17,50,80,11.0,0 - Bezchmurnie
2025-10-02 15:46:18,65,80,10.9,0 - Bezchmurnie
2025-10-02 16:41:01,80,80,10.5,0 - Bezchmurnie
2025-10-02 16:51:04,80,80,10.3,0 - Bezchmurnie
2025-10-02 17:38:42,68,80,9.3,0 - Bezchmurnie
2025-10-02 17:52:37,68,80,8.9,0 - Bezchmurnie
2025-10-02 18:45:58,76,80,7.2,0 - Bezchmurnie
2025-10-02 18:56:05,76,80,7.2,0 - Bezchmurnie
2025-10-02 19:33:02,50,80,5.9,0 - Bezchmurnie
2025-10-02 19:40:02,50,80,5.9,0 - Bezchmurnie
2025-10-02 19:53:25,50,80,5.5,0 - Bezchmurnie
2025-10-02 20:47:51,70,80,4.3,0 - Bezchmurnie
2025-10-02 20:56:57,70,80,4.3,0 - Bezchmurnie
2025-10-02 21:26:47,00,80,4.1,0 - Bezchmurnie
2025-10-02 21:41:47,00,80,3.9,0 - Bezchmurnie
2025-10-02 21:51:02,00,80,3.8,0 - Bezchmurnie
2025-10-02 22:37:29,00,80,3.2,0 - Bezchmurnie
2025-10-02 22:51:29,00,80,3.0,0 - Bezchmurnie
2025-10-02 23:28:43,00,80,2.4,0 - Bezchmurnie
2025-10-02 23:41:44,00,80,2.3,0 - Bezchmurnie
2025-10-02 23:51:25,00,80,2.2,0 - Bezchmurnie
2025-10-03 00:35:04,00,80,1.9,0 - Bezchmurnie
2025-10-03 00:52:28,00,80,1.7,0 - Bezchmurnie
2025-10-03 01:27:21,00,80,1.5,0 - Bezchmurnie
2025-10-03 01:43:06,00,80,1.5,0 - Bezchmurnie
2025-10-03 01:52:06,00,80,1.4,0 - Bezchmurnie
2025-10-03 05:06:09,00,80,0.7,0 - Bezchmurnie
2025-10-03 05:49:04,00,80,0.3,1 - Głównie słonecznie
2025-10-03 06:38:24,00,80,0.4,2 - Częściowo pochmurno
2025-10-03 06:51:31,00,80,0.6,2 - Częściowo pochmurno
2025-10-03 07:38:15,00,80,1.3,1 - Głównie słonecznie
2025-10-03 07:52:11,00,80,1.6,1 - Głównie słonecznie
2025-10-03 08:50:31,00,80,3.0,3 - Zachmurzenie całkowite
2025-10-03 09:31:30,55,80,4.4,3 - Zachmurzenie całkowite
2025-10-03 09:41:51,55,80,4.4,3 - Zachmurzenie całkowite
2025-10-03 09:53:11,55,80,4.9,3 - Zachmurzenie całkowite
2025-10-03 10:44:20,55,80,6.2,3 - Zachmurzenie całkowite
2025-10-03 10:57:01,55,80,6.6,3 - Zachmurzenie całkowite
2025-10-03 11:31:46,35,80,7.5,3 - Zachmurzenie całkowite
2025-10-03 11:53:15,35,80,7.9,3 - Zachmurzenie całkowite
2025-10-03 12:39:46,25,80,8.6,3 - Zachmurzenie całkowite
2025-10-03 12:51:10,25,80,8.9,3 - Zachmurzenie całkowite
2025-10-03 13:25:53,25,80,9.1,3 - Zachmurzenie całkowite
2025-10-03 13:41:12,32,80,9.1,3 - Zachmurzenie całkowite
2025-10-03 13:51:30,32,80,9.2,3 - Zachmurzenie całkowite
2025-10-03 15:17:01,70,80,9.3,3 - Zachmurzenie całkowite
2025-10-03 15:45:07,70,80,9.2,3 - Zachmurzenie całkowite
2025-10-03 15:55:43,60,80,9.2,3 - Zachmurzenie całkowite
2025-10-03 16:38:19,60,80,8.9,3 - Zachmurzenie całkowite
2025-10-03 16:52:39,60,80,8.8,3 - Zachmurzenie całkowite
2025-10-03 17:32:27,60,80,8.1,3 - Zachmurzenie całkowite
2025-10-03 17:55:59,60,80,7.9,3 - Zachmurzenie całkowite
2025-10-03 18:42:43,80,80,7.4,3 - Zachmurzenie całkowite
2025-10-03 18:55:47,80,80,7.2,3 - Zachmurzenie całkowite
2025-10-03 19:32:31,63,80,6.8,3 - Zachmurzenie całkowite
2025-10-03 19:43:41,63,80,6.8,3 - Zachmurzenie całkowite
2025-10-03 19:53:28,75,80,6.8,3 - Zachmurzenie całkowite
2025-10-03 20:48:11,75,80,6.0,3 - Zachmurzenie całkowite
2025-10-03 21:22:56,00,80,5.8,3 - Zachmurzenie całkowite
2025-10-03 21:40:54,00,80,5.7,3 - Zachmurzenie całkowite
2025-10-03 21:53:29,00,80,5.6,3 - Zachmurzenie całkowite
2025-10-03 22:33:51,00,80,5.1,3 - Zachmurzenie całkowite
2025-10-03 22:52:40,00,80,4.9,3 - Zachmurzenie całkowite
2025-10-03 23:28:44,00,80,4.6,3 - Zachmurzenie całkowite
2025-10-03 23:41:41,00,80,4.4,3 - Zachmurzenie całkowite
2025-10-03 23:51:05,00,80,4.3,2 - Częściowo pochmurno
2025-10-04 00:33:20,00,80,3.8,2 - Częściowo pochmurno
2025-10-04 00:52:40,00,80,3.7,1 - Głównie słonecznie
2025-10-04 01:27:00,00,80,3.3,1 - Głównie słonecznie
2025-10-04 01:42:06,00,80,3.2,1 - Głównie słonecznie
2025-10-04 01:52:39,00,80,2.9,0 - Bezchmurnie
2025-10-04 05:01:44,00,80,1.2,0 - Bezchmurnie
2025-10-04 05:40:27,00,80,1.6,2 - Częściowo pochmurno
2025-10-04 05:51:25,00,80,1.8,3 - Zachmurzenie całkowite
2025-10-04 06:38:13,8,80,2.2,3 - Zachmurzenie całkowite
2025-10-04 06:53:04,22,80,2.4,3 - Zachmurzenie całkowite
2025-10-04 07:37:58,22,80,2.9,3 - Zachmurzenie całkowite
2025-10-04 07:51:46,55,80,3.0,3 - Zachmurzenie całkowite
2025-10-04 08:50:11,80,80,4.3,3 - Zachmurzenie całkowite
2025-10-04 08:55:17,80,80,4.3,3 - Zachmurzenie całkowite
2025-10-04 09:25:37,76,80,4.7,3 - Zachmurzenie całkowite
2025-10-04 09:40:28,76,80,4.9,3 - Zachmurzenie całkowite
2025-10-04 09:52:37,76,80,5.2,3 - Zachmurzenie całkowite
2025-10-04 10:39:42,77,80,6.1,3 - Zachmurzenie całkowite
2025-10-04 10:53:07,77,80,6.4,3 - Zachmurzenie całkowite
2025-10-04 11:30:32,72,80,7.9,3 - Zachmurzenie całkowite
2025-10-04 11:41:43,72,80,7.9,3 - Zachmurzenie całkowite
2025-10-04 11:51:11,72,80,8.2,3 - Zachmurzenie całkowite
2025-10-04 12:35:30,67,80,9.4,2 - Częściowo pochmurno
2025-10-04 12:51:39,67,80,9.9,1 - Głównie słonecznie
2025-10-04 13:24:14,67,80,10.6,0 - Bezchmurnie
2025-10-04 13:40:40,67,80,10.9,0 - Bezchmurnie
2025-10-04 13:53:08,67,80,11.2,0 - Bezchmurnie
2025-10-04 15:04:31,67,80,11.9,0 - Bezchmurnie
2025-10-04 15:33:17,69,80,12.1,0 - Bezchmurnie
2025-10-04 15:52:36,69,80,12.2,0 - Bezchmurnie
2025-10-04 16:31:33,59,80,12.2,0 - Bezchmurnie
2025-10-04 16:41:30,59,80,12.2,0 - Bezchmurnie
2025-10-04 16:51:46,59,80,12.2,0 - Bezchmurnie
2025-10-04 17:29:00,49,80,11.5,0 - Bezchmurnie
2025-10-04 17:41:24,49,80,11.1,0 - Bezchmurnie
2025-10-04 17:51:09,49,80,10.8,0 - Bezchmurnie
2025-10-04 18:39:31,44,80,9.4,0 - Bezchmurnie
2025-10-04 18:52:09,35,80,8.9,0 - Bezchmurnie
2025-10-04 19:28:40,35,80,8.2,0 - Bezchmurnie
2025-10-04 19:39:52,35,80,7.8,0 - Bezchmurnie
2025-10-04 19:52:35,35,80,7.4,0 - Bezchmurnie
2025-10-04 20:43:52,35,80,6.6,0 - Bezchmurnie
2025-10-04 20:51:50,35,80,6.4,0 - Bezchmurnie
2025-10-04 21:21:24,Brak,Brak,6.2,0 - Bezchmurnie
2025-10-04 21:52:15,00,80,Brak,Brak
2025-10-04 22:32:17,00,80,7.2,0 - Bezchmurnie
2025-10-04 22:43:11,00,80,7.2,0 - Bezchmurnie
2025-10-04 22:53:19,00,80,7.4,0 - Bezchmurnie
2025-10-04 23:25:45,00,80,7.7,1 - Głównie słonecznie
2025-10-04 23:40:38,00,80,7.5,2 - Częściowo pochmurno
2025-10-04 23:52:43,00,80,7.6,3 - Zachmurzenie całkowite
2025-10-05 00:32:02,00,80,7.8,3 - Zachmurzenie całkowite
2025-10-05 00:53:31,00,80,7.8,3 - Zachmurzenie całkowite
2025-10-05 01:28:48,00,80,7.8,3 - Zachmurzenie całkowite
2025-10-05 01:41:48,00,80,7.6,3 - Zachmurzenie całkowite
2025-10-05 01:52:43,00,80,7.4,3 - Zachmurzenie całkowite
2025-10-05 05:16:56,00,80,6.7,53 - Mżawka umiarkowana
2025-10-05 05:51:22,00,80,6.9,53 - Mżawka umiarkowana
2025-10-05 06:38:00,4,80,7.1,3 - Zachmurzenie całkowite
2025-10-05 06:52:20,4,80,7.2,3 - Zachmurzenie całkowite
2025-10-05 07:32:38,16,80,7.3,2 - Częściowo pochmurno
2025-10-05 07:51:48,16,80,7.4,1 - Głównie słonecznie
2025-10-05 08:46:35,16,80,8.4,0 - Bezchmurnie
2025-10-05 08:55:50,16,80,8.4,0 - Bezchmurnie
2025-10-05 09:25:42,16,80,9.0,0 - Bezchmurnie
2025-10-05 09:39:32,16,80,9.4,0 - Bezchmurnie
2025-10-05 09:52:42,16,80,9.9,0 - Bezchmurnie
2025-10-05 10:38:03,37,80,10.8,1 - Głównie słonecznie
2025-10-05 10:52:04,37,80,11.0,1 - Głównie słonecznie
2025-10-05 11:29:21,37,80,11.2,2 - Częściowo pochmurno
2025-10-05 11:40:38,37,80,11.4,2 - Częściowo pochmurno
2025-10-05 11:52:52,37,80,11.6,3 - Zachmurzenie całkowite
2025-10-05 12:35:25,56,80,11.9,3 - Zachmurzenie całkowite
2025-10-05 12:51:54,56,80,11.9,3 - Zachmurzenie całkowite
2025-10-05 13:23:28,56,80,12.0,3 - Zachmurzenie całkowite
2025-10-05 13:41:20,42,80,12.0,3 - Zachmurzenie całkowite
2025-10-05 13:52:56,42,80,11.9,3 - Zachmurzenie całkowite
2025-10-05 15:04:08,52,80,12.1,3 - Zachmurzenie całkowite
2025-10-05 15:34:34,52,80,11.9,3 - Zachmurzenie całkowite
2025-10-05 15:51:43,45,80,11.9,3 - Zachmurzenie całkowite
2025-10-05 16:30:52,52,80,11.4,3 - Zachmurzenie całkowite
2025-10-05 16:44:21,52,80,11.4,3 - Zachmurzenie całkowite
2025-10-05 16:52:32,52,80,11.1,3 - Zachmurzenie całkowite
2025-10-05 17:27:55,52,80,10.5,3 - Zachmurzenie całkowite
2025-10-05 17:41:51,52,80,10.1,3 - Zachmurzenie całkowite
2025-10-05 17:51:43,52,80,9.8,3 - Zachmurzenie całkowite
2025-10-05 18:38:29,25,80,8.9,3 - Zachmurzenie całkowite
2025-10-05 18:52:21,25,80,8.6,3 - Zachmurzenie całkowite
2025-10-05 19:29:47,35,80,8.2,3 - Zachmurzenie całkowite
2025-10-05 19:40:29,35,80,8.0,3 - Zachmurzenie całkowite
2025-10-05 19:52:51,35,80,7.8,3 - Zachmurzenie całkowite
2025-10-05 20:43:25,35,80,7.5,3 - Zachmurzenie całkowite
2025-10-05 20:53:56,35,80,7.5,3 - Zachmurzenie całkowite
2025-10-05 21:22:38,00,80,7.4,3 - Zachmurzenie całkowite
2025-10-05 21:40:15,00,80,7.3,3 - Zachmurzenie całkowite
2025-10-05 21:53:08,00,80,7.3,3 - Zachmurzenie całkowite
2025-10-05 22:37:00,00,80,7.3,3 - Zachmurzenie całkowite
2025-10-05 22:52:57,00,80,7.3,3 - Zachmurzenie całkowite
2025-10-05 23:27:18,00,80,7.6,3 - Zachmurzenie całkowite
2025-10-05 23:39:41,00,80,7.6,3 - Zachmurzenie całkowite
2025-10-05 23:51:40,00,80,7.6,3 - Zachmurzenie całkowite
2025-10-06 00:33:51,00,80,7.7,3 - Zachmurzenie całkowite
2025-10-06 00:52:40,00,80,7.8,3 - Zachmurzenie całkowite
2025-10-06 01:24:52,00,80,7.8,3 - Zachmurzenie całkowite
2025-10-06 01:41:00,00,80,7.9,3 - Zachmurzenie całkowite
2025-10-06 01:52:52,00,80,8.0,3 - Zachmurzenie całkowite
2025-10-06 05:14:21,00,80,7.8,51 - Mżawka lekka
2025-10-06 05:51:18,00,80,7.1,1 - Głównie słonecznie
2025-10-06 06:40:49,10,80,6.6,0 - Bezchmurnie
2025-10-06 06:52:20,10,80,6.4,0 - Bezchmurnie
2025-10-06 07:35:12,30,80,6.8,0 - Bezchmurnie
2025-10-06 07:51:23,30,80,7.2,0 - Bezchmurnie
2025-10-06 08:53:28,30,80,9.1,0 - Bezchmurnie
2025-10-06 09:31:48,40,80,10.1,0 - Bezchmurnie
2025-10-06 09:57:58,40,80,10.3,0 - Bezchmurnie
2025-10-06 10:47:46,40,80,11.8,0 - Bezchmurnie
2025-10-06 11:40:32,30,80,12.6,0 - Bezchmurnie
2025-10-06 11:52:24,30,80,12.9,0 - Bezchmurnie
2025-10-06 12:41:21,30,80,13.3,2 - Częściowo pochmurno
2025-10-06 12:53:37,30,80,13.4,3 - Zachmurzenie całkowite
2025-10-06 13:27:15,40,80,13.6,3 - Zachmurzenie całkowite
2025-10-06 13:41:13,40,80,13.9,2 - Częściowo pochmurno
2025-10-06 13:53:14,40,80,14.1,1 - Głównie słonecznie
2025-10-06 15:37:51,55,80,14.2,0 - Bezchmurnie
2025-10-06 15:54:57,65,80,14.2,0 - Bezchmurnie
2025-10-06 16:41:34,75,80,14.0,0 - Bezchmurnie
2025-10-06 16:54:31,80,80,13.9,0 - Bezchmurnie
2025-10-06 17:35:04,80,80,13.0,0 - Bezchmurnie
2025-10-06 17:52:57,80,80,12.6,1 - Głównie słonecznie
2025-10-06 18:45:53,80,80,10.9,3 - Zachmurzenie całkowite
2025-10-06 18:57:45,80,80,10.9,3 - Zachmurzenie całkowite
2025-10-06 19:32:59,70,80,10.0,3 - Zachmurzenie całkowite
2025-10-06 19:51:27,80,80,9.8,3 - Zachmurzenie całkowite
2025-10-06 20:49:57,65,80,9.8,3 - Zachmurzenie całkowite
2025-10-06 21:26:26,00,80,9.6,3 - Zachmurzenie całkowite
2025-10-06 21:42:46,00,80,9.6,3 - Zachmurzenie całkowite
2025-10-06 21:51:37,00,80,9.4,3 - Zachmurzenie całkowite
2025-10-06 22:36:32,00,80,9.3,3 - Zachmurzenie całkowite
2025-10-06 22:53:16,00,80,9.3,3 - Zachmurzenie całkowite
2025-10-06 23:29:34,00,80,9.1,3 - Zachmurzenie całkowite
2025-10-06 23:41:09,00,80,9.1,3 - Zachmurzenie całkowite
2025-10-06 23:53:17,00,80,9.1,3 - Zachmurzenie całkowite
2025-10-07 00:34:15,00,80,9.1,3 - Zachmurzenie całkowite
2025-10-07 00:52:48,00,80,9.0,3 - Zachmurzenie całkowite
2025-10-07 01:29:38,00,80,8.9,3 - Zachmurzenie całkowite
2025-10-07 01:42:49,00,80,9.0,3 - Zachmurzenie całkowite
2025-10-07 01:52:53,00,80,9.0,3 - Zachmurzenie całkowite
2025-10-07 05:07:25,00,80,8.8,3 - Zachmurzenie całkowite
2025-10-07 05:51:15,00,80,8.9,3 - Zachmurzenie całkowite
2025-10-07 06:40:03,12,80,9.0,3 - Zachmurzenie całkowite
2025-10-07 06:51:41,12,80,9.1,3 - Zachmurzenie całkowite
2025-10-07 07:34:10,12,80,9.1,3 - Zachmurzenie całkowite
2025-10-07 07:53:09,11,80,9.1,3 - Zachmurzenie całkowite
2025-10-07 08:53:07,20,80,9.6,3 - Zachmurzenie całkowite
2025-10-07 09:31:40,47,80,10.3,3 - Zachmurzenie całkowite
2025-10-07 09:43:33,47,80,10.3,3 - Zachmurzenie całkowite
2025-10-07 09:54:48,47,80,10.6,2 - Częściowo pochmurno
2025-10-07 10:47:34,47,80,12.1,1 - Głównie słonecznie
2025-10-07 11:36:49,47,80,12.9,0 - Bezchmurnie
2025-10-07 11:53:06,47,80,13.2,1 - Głównie słonecznie
2025-10-07 12:40:48,45,80,13.9,2 - Częściowo pochmurno
2025-10-07 12:53:14,45,80,14.0,3 - Zachmurzenie całkowite
2025-10-07 13:29:00,45,80,14.2,3 - Zachmurzenie całkowite
2025-10-07 13:42:42,45,80,14.4,3 - Zachmurzenie całkowite
2025-10-07 13:52:02,45,80,14.6,2 - Częściowo pochmurno
2025-10-07 15:38:58,45,80,15.0,1 - Głównie słonecznie
2025-10-07 15:53:15,45,80,14.9,1 - Głównie słonecznie
2025-10-07 16:42:42,45,80,14.6,2 - Częściowo pochmurno
2025-10-07 16:54:52,45,80,14.4,2 - Częściowo pochmurno
2025-10-07 17:40:11,80,80,13.8,3 - Zachmurzenie całkowite
2025-10-07 17:54:07,80,80,13.6,3 - Zachmurzenie całkowite
2025-10-07 18:47:12,80,80,12.5,1 - Głównie słonecznie
2025-10-07 19:33:06,50,80,11.4,0 - Bezchmurnie
2025-10-07 19:51:24,70,80,11.0,0 - Bezchmurnie
2025-10-07 20:52:51,70,80,10.6,3 - Zachmurzenie całkowite
2025-10-07 21:26:24,00,80,10.2,2 - Częściowo pochmurno
2025-10-07 21:41:32,00,80,10.0,1 - Głównie słonecznie
2025-10-07 21:51:27,00,80,9.8,0 - Bezchmurnie
2025-10-07 22:35:55,00,80,9.1,1 - Głównie słonecznie
2025-10-07 22:52:23,00,80,8.9,2 - Częściowo pochmurno
2025-10-07 23:29:21,00,80,7.1,0 - Bezchmurnie
2025-10-07 23:41:08,00,80,6.8,0 - Bezchmurnie
2025-10-07 23:52:25,00,80,6.7,0 - Bezchmurnie
2025-10-08 00:34:32,00,80,6.2,0 - Bezchmurnie
2025-10-08 00:53:41,00,80,6.1,0 - Bezchmurnie
2025-10-08 01:29:18,00,80,5.8,0 - Bezchmurnie
2025-10-08 01:41:48,00,80,5.7,0 - Bezchmurnie
2025-10-08 01:53:18,00,80,5.6,0 - Bezchmurnie
2025-10-08 05:08:20,00,80,4.3,0 - Bezchmurnie
2025-10-08 05:50:51,00,80,4.2,0 - Bezchmurnie
2025-10-08 06:40:55,14,80,4.2,0 - Bezchmurnie
2025-10-08 06:53:11,14,80,4.2,0 - Bezchmurnie
2025-10-08 07:36:54,30,80,4.7,0 - Bezchmurnie
2025-10-08 07:52:24,30,80,4.9,0 - Bezchmurnie
2025-10-08 08:52:53,30,80,6.8,0 - Bezchmurnie
2025-10-08 09:30:22,14,80,8.6,0 - Bezchmurnie
2025-10-08 09:44:34,14,80,8.6,0 - Bezchmurnie
2025-10-08 09:53:26,14,80,9.4,0 - Bezchmurnie
2025-10-08 10:50:23,14,80,12.1,0 - Bezchmurnie
2025-10-08 11:38:24,14,80,13.4,0 - Bezchmurnie
2025-10-08 11:53:26,14,80,13.6,0 - Bezchmurnie
2025-10-08 12:40:45,35,80,14.4,0 - Bezchmurnie
2025-10-08 12:51:51,35,80,14.6,0 - Bezchmurnie
2025-10-08 13:29:44,35,80,15.0,1 - Głównie słonecznie
2025-10-08 13:41:53,35,80,15.1,1 - Głównie słonecznie
2025-10-08 13:53:23,35,80,15.3,2 - Częściowo pochmurno
2025-10-08 15:42:22,60,80,15.4,0 - Bezchmurnie
2025-10-08 15:55:19,60,80,15.4,0 - Bezchmurnie
2025-10-08 16:48:19,60,80,14.7,0 - Bezchmurnie
2025-10-08 16:54:48,80,80,14.7,0 - Bezchmurnie
2025-10-08 17:39:36,80,80,13.4,0 - Bezchmurnie
2025-10-08 17:53:41,70,80,12.9,0 - Bezchmurnie
2025-10-08 18:51:25,70,80,11.2,0 - Bezchmurnie
2025-10-08 19:37:58,65,80,10.2,1 - Głównie słonecznie
2025-10-08 19:54:54,65,80,9.9,1 - Głównie słonecznie
2025-10-08 20:58:54,65,80,8.8,0 - Bezchmurnie
2025-10-08 21:27:31,00,80,8.4,0 - Bezchmurnie
2025-10-08 21:41:35,00,80,8.2,1 - Głównie słonecznie
2025-10-08 21:54:38,00,80,8.1,1 - Głównie słonecznie
2025-10-08 22:36:17,00,80,7.8,1 - Głównie słonecznie
2025-10-08 22:51:42,00,80,7.7,1 - Głównie słonecznie
2025-10-08 23:30:40,00,80,7.6,2 - Częściowo pochmurno
2025-10-08 23:42:56,00,80,7.6,2 - Częściowo pochmurno
2025-10-08 23:51:23,00,80,7.6,2 - Częściowo pochmurno
2025-10-09 00:36:13,00,80,7.6,3 - Zachmurzenie całkowite
2025-10-09 00:53:02,00,80,7.5,3 - Zachmurzenie całkowite
2025-10-09 01:30:11,00,80,7.4,3 - Zachmurzenie całkowite
2025-10-09 01:42:22,00,80,7.4,3 - Zachmurzenie całkowite
2025-10-09 01:52:18,00,80,7.4,3 - Zachmurzenie całkowite
2025-10-09 05:12:03,00,80,6.1,0 - Bezchmurnie
2025-10-09 05:52:29,00,80,5.7,0 - Bezchmurnie
2025-10-09 06:40:56,5,80,5.5,0 - Bezchmurnie
2025-10-09 06:51:35,5,80,5.5,0 - Bezchmurnie
2025-10-09 07:37:35,5,80,6.0,0 - Bezchmurnie
2025-10-09 07:53:01,5,80,6.3,0 - Bezchmurnie
2025-10-09 08:53:02,36,80,7.9,0 - Bezchmurnie
2025-10-09 09:32:58,40,80,9.2,0 - Bezchmurnie
2025-10-09 10:48:34,40,80,11.9,0 - Bezchmurnie
2025-10-09 11:36:34,55,80,13.4,0 - Bezchmurnie
2025-10-09 11:53:14,55,80,13.8,0 - Bezchmurnie
2025-10-09 12:42:02,30,80,14.4,2 - Częściowo pochmurno
2025-10-09 12:53:55,30,80,14.5,2 - Częściowo pochmurno
2025-10-09 13:29:28,30,80,14.4,3 - Zachmurzenie całkowite
2025-10-09 13:44:35,30,80,14.3,3 - Zachmurzenie całkowite
2025-10-09 13:54:21,30,80,14.1,3 - Zachmurzenie całkowite
2025-10-09 15:38:51,55,80,12.6,3 - Zachmurzenie całkowite
2025-10-09 15:55:28,66,80,12.6,3 - Zachmurzenie całkowite
2025-10-09 16:52:27,80,80,12.7,3 - Zachmurzenie całkowite
2025-10-09 17:24:31,80,80,13.3,3 - Zachmurzenie całkowite
2025-10-09 17:54:57,80,80,12.7,3 - Zachmurzenie całkowite
2025-10-09 18:50:08,66,80,11.9,3 - Zachmurzenie całkowite
2025-10-09 19:34:20,66,80,11.4,3 - Zachmurzenie całkowite
2025-10-09 19:51:52,80,80,11.4,3 - Zachmurzenie całkowite
2025-10-09 20:49:47,75,80,11.1,3 - Zachmurzenie całkowite
2025-10-09 21:27:37,00,80,11.0,3 - Zachmurzenie całkowite
2025-10-09 21:53:29,00,80,10.8,3 - Zachmurzenie całkowite
2025-10-09 22:38:16,00,80,10.6,3 - Zachmurzenie całkowite
2025-10-09 22:51:56,00,80,10.6,3 - Zachmurzenie całkowite
2025-10-09 23:30:39,00,80,10.3,3 - Zachmurzenie całkowite
2025-10-09 23:41:50,00,80,10.3,3 - Zachmurzenie całkowite
2025-10-09 23:52:07,00,80,10.2,3 - Zachmurzenie całkowite
2025-10-10 00:34:52,00,80,10.2,3 - Zachmurzenie całkowite
2025-10-10 00:52:14,00,80,10.2,3 - Zachmurzenie całkowite
2025-10-10 01:27:59,00,80,10.3,3 - Zachmurzenie całkowite
2025-10-10 01:42:34,00,80,10.2,2 - Częściowo pochmurno
2025-10-10 01:53:30,00,80,10.2,2 - Częściowo pochmurno
2025-10-10 05:12:17,00,80,9.9,3 - Zachmurzenie całkowite
2025-10-10 05:51:48,00,80,9.8,3 - Zachmurzenie całkowite
2025-10-10 06:42:49,15,80,9.8,3 - Zachmurzenie całkowite
2025-10-10 06:53:38,15,80,9.8,3 - Zachmurzenie całkowite
2025-10-10 07:36:39,15,80,9.8,3 - Zachmurzenie całkowite
2025-10-10 07:51:18,15,80,9.9,3 - Zachmurzenie całkowite
2025-10-10 08:53:45,55,80,10.1,3 - Zachmurzenie całkowite
2025-10-10 09:31:43,38,80,9.9,3 - Zachmurzenie całkowite
2025-10-10 09:44:09,38,80,9.9,3 - Zachmurzenie całkowite
2025-10-10 09:54:09,38,80,9.6,3 - Zachmurzenie całkowite
2025-10-10 10:48:08,15,80,9.5,51 - Mżawka lekka
2025-10-10 11:36:11,15,80,9.4,53 - Mżawka umiarkowana
2025-10-10 11:51:35,15,80,9.4,53 - Mżawka umiarkowana
2025-10-10 12:42:09,15,80,9.4,53 - Mżawka umiarkowana
2025-10-10 12:52:15,15,80,9.4,53 - Mżawka umiarkowana
2025-10-10 13:29:04,25,80,9.5,51 - Mżawka lekka
2025-10-10 13:43:03,25,80,9.6,51 - Mżawka lekka
2025-10-10 13:54:00,55,80,9.6,51 - Mżawka lekka
2025-10-10 15:27:17,55,80,10.1,51 - Mżawka lekka
2025-10-10 15:49:17,80,80,10.4,51 - Mżawka lekka
2025-10-10 16:44:55,80,80,10.8,3 - Zachmurzenie całkowite
2025-10-10 16:54:08,80,80,10.9,3 - Zachmurzenie całkowite
2025-10-10 17:36:55,80,80,11.1,3 - Zachmurzenie całkowite
2025-10-10 17:54:29,80,80,11.0,3 - Zachmurzenie całkowite
2025-10-10 18:44:05,80,80,10.6,53 - Mżawka umiarkowana
2025-10-10 18:55:23,80,80,10.4,53 - Mżawka umiarkowana
2025-10-10 19:35:41,70,80,10.1,3 - Zachmurzenie całkowite
2025-10-10 19:52:46,70,80,10.1,3 - Zachmurzenie całkowite
2025-10-10 20:53:31,70,80,9.8,51 - Mżawka lekka
2025-10-10 21:26:54,00,80,9.7,3 - Zachmurzenie całkowite
2025-10-10 21:39:57,00,80,9.6,3 - Zachmurzenie całkowite
2025-10-10 21:51:36,00,80,9.6,3 - Zachmurzenie całkowite
2025-10-10 22:35:57,00,80,9.2,3 - Zachmurzenie całkowite
2025-10-10 22:52:36,Brak,Brak,9.1,3 - Zachmurzenie całkowite
2025-10-10 23:27:39,00,80,8.9,3 - Zachmurzenie całkowite
2025-10-10 23:41:43,00,80,8.9,3 - Zachmurzenie całkowite
2025-10-10 23:52:39,00,80,8.9,3 - Zachmurzenie całkowite
2025-10-11 00:33:58,00,80,9.0,3 - Zachmurzenie całkowite
2025-10-11 00:52:37,00,80,9.1,3 - Zachmurzenie całkowite
2025-10-11 01:30:54,00,80,9.0,51 - Mżawka lekka
2025-10-11 01:40:54,00,80,9.0,51 - Mżawka lekka
2025-10-11 01:52:57,00,80,8.9,51 - Mżawka lekka
2025-10-11 05:03:47,00,80,8.2,3 - Zachmurzenie całkowite
2025-10-11 05:45:14,00,80,8.8,3 - Zachmurzenie całkowite
2025-10-11 05:55:37,00,80,8.8,3 - Zachmurzenie całkowite
2025-10-11 06:38:43,15,80,9.1,3 - Zachmurzenie całkowite
2025-10-11 06:51:02,15,80,9.1,3 - Zachmurzenie całkowite
2025-10-11 07:34:29,15,80,9.4,53 - Mżawka umiarkowana
2025-10-11 07:52:49,35,80,9.4,53 - Mżawka umiarkowana
2025-10-11 08:48:21,75,80,9.9,51 - Mżawka lekka
2025-10-11 08:54:58,75,80,9.9,51 - Mżawka lekka
2025-10-11 09:27:21,80,80,10.1,53 - Mżawka umiarkowana
2025-10-11 09:38:51,75,80,10.2,53 - Mżawka umiarkowana
2025-10-11 09:53:30,75,80,10.4,53 - Mżawka umiarkowana
2025-10-11 10:39:59,70,80,10.6,55 - Mżawka gęsta
2025-10-11 10:51:38,70,80,10.6,55 - Mżawka gęsta
2025-10-11 11:30:11,70,80,10.6,55 - Mżawka gęsta
2025-10-11 11:41:54,70,80,10.6,55 - Mżawka gęsta
2025-10-11 11:51:33,70,80,10.7,55 - Mżawka gęsta
2025-10-11 12:35:24,70,80,10.8,51 - Mżawka lekka
2025-10-11 12:53:16,60,80,10.9,51 - Mżawka lekka
2025-10-11 13:24:41,60,80,10.9,3 - Zachmurzenie całkowite
2025-10-11 13:41:28,60,80,11.0,3 - Zachmurzenie całkowite
2025-10-11 13:52:52,80,80,11.1,3 - Zachmurzenie całkowite
2025-10-11 15:04:19,80,80,11.3,3 - Zachmurzenie całkowite
2025-10-11 15:35:29,70,80,11.4,3 - Zachmurzenie całkowite
2025-10-11 15:53:03,70,80,11.4,3 - Zachmurzenie całkowite
2025-10-11 16:30:41,60,80,11.4,3 - Zachmurzenie całkowite
2025-10-11 16:39:56,60,80,11.4,3 - Zachmurzenie całkowite
2025-10-11 16:52:46,60,80,11.4,3 - Zachmurzenie całkowite
2025-10-11 17:29:24,40,80,11.6,3 - Zachmurzenie całkowite
2025-10-11 17:41:36,50,80,11.6,3 - Zachmurzenie całkowite
2025-10-11 17:51:33,50,80,11.6,3 - Zachmurzenie całkowite
2025-10-11 18:38:34,56,80,11.4,3 - Zachmurzenie całkowite
2025-10-11 18:52:46,56,80,11.3,3 - Zachmurzenie całkowite
2025-10-11 19:28:21,56,80,11.2,3 - Zachmurzenie całkowite
2025-10-11 19:40:56,45,80,11.2,3 - Zachmurzenie całkowite
2025-10-11 19:51:59,45,80,11.2,3 - Zachmurzenie całkowite
2025-10-11 20:41:05,45,80,11.1,51 - Mżawka lekka
2025-10-11 20:53:30,45,80,11.1,51 - Mżawka lekka
2025-10-11 21:22:32,00,80,11.1,3 - Zachmurzenie całkowite
2025-10-11 21:40:13,00,80,11.1,3 - Zachmurzenie całkowite
2025-10-11 21:51:45,00,80,11.1,3 - Zachmurzenie całkowite
2025-10-11 22:32:35,00,80,10.9,3 - Zachmurzenie całkowite
2025-10-11 22:42:06,00,80,10.9,3 - Zachmurzenie całkowite
2025-10-11 22:54:06,00,80,10.9,3 - Zachmurzenie całkowite
2025-10-11 23:27:19,00,80,10.8,51 - Mżawka lekka
2025-10-11 23:40:20,00,80,10.8,3 - Zachmurzenie całkowite
2025-10-11 23:51:02,00,80,10.7,3 - Zachmurzenie całkowite
2025-10-12 00:33:28,00,80,10.6,51 - Mżawka lekka
2025-10-12 00:51:06,00,80,10.6,51 - Mżawka lekka
2025-10-12 01:28:43,00,80,10.5,3 - Zachmurzenie całkowite
2025-10-12 01:42:42,00,80,10.4,3 - Zachmurzenie całkowite
2025-10-12 01:52:08,00,80,10.4,3 - Zachmurzenie całkowite
2025-10-12 05:13:58,00,80,10.1,3 - Zachmurzenie całkowite
2025-10-12 05:51:50,00,80,10.1,3 - Zachmurzenie całkowite
2025-10-12 06:38:54,9,80,10.1,3 - Zachmurzenie całkowite
2025-10-12 06:52:04,11,80,10.1,3 - Zachmurzenie całkowite
2025-10-12 07:34:27,11,80,10.1,3 - Zachmurzenie całkowite
2025-10-12 07:51:15,15,80,10.1,3 - Zachmurzenie całkowite
2025-10-12 08:45:52,17,80,10.1,3 - Zachmurzenie całkowite
2025-10-12 08:55:50,17,80,10.1,3 - Zachmurzenie całkowite
2025-10-12 09:26:52,17,80,10.1,3 - Zachmurzenie całkowite
2025-10-12 09:39:17,26,80,10.1,3 - Zachmurzenie całkowite
2025-10-12 09:52:49,26,80,10.1,3 - Zachmurzenie całkowite
2025-10-12 10:38:50,31,80,10.1,3 - Zachmurzenie całkowite
2025-10-12 10:53:24,40,80,10.1,3 - Zachmurzenie całkowite
2025-10-12 11:31:19,43,80,10.3,3 - Zachmurzenie całkowite
2025-10-12 11:42:07,43,80,10.3,3 - Zachmurzenie całkowite
2025-10-12 11:53:03,43,80,10.4,3 - Zachmurzenie całkowite
2025-10-12 12:35:55,50,80,10.7,3 - Zachmurzenie całkowite
2025-10-12 12:51:04,50,80,10.8,3 - Zachmurzenie całkowite
2025-10-12 13:25:55,50,80,10.9,3 - Zachmurzenie całkowite
2025-10-12 13:40:59,45,80,11.0,3 - Zachmurzenie całkowite
2025-10-12 15:05:16,45,80,10.9,3 - Zachmurzenie całkowite
2025-10-12 15:34:02,45,80,10.9,3 - Zachmurzenie całkowite
2025-10-12 15:52:16,73,80,10.8,3 - Zachmurzenie całkowite
2025-10-12 16:37:35,73,80,10.7,3 - Zachmurzenie całkowite
2025-10-12 16:57:06,73,80,10.6,3 - Zachmurzenie całkowite
2025-10-12 17:35:26,55,80,10.7,3 - Zachmurzenie całkowite
2025-10-12 17:47:10,55,80,10.6,3 - Zachmurzenie całkowite
2025-10-12 17:58:10,40,80,10.6,3 - Zachmurzenie całkowite
2025-10-12 18:46:18,40,80,10.4,3 - Zachmurzenie całkowite
2025-10-12 18:56:19,40,80,10.4,3 - Zachmurzenie całkowite
2025-10-12 19:35:15,40,80,10.2,3 - Zachmurzenie całkowite
2025-10-12 19:46:55,40,80,10.2,3 - Zachmurzenie całkowite
2025-10-12 19:58:12,40,80,10.2,3 - Zachmurzenie całkowite
2025-10-12 20:47:14,50,80,10.1,51 - Mżawka lekka
2025-10-12 20:59:00,50,80,10.1,51 - Mżawka lekka
2025-10-12 21:27:46,00,80,10.1,3 - Zachmurzenie całkowite
2025-10-12 21:40:02,00,80,10.0,3 - Zachmurzenie całkowite
2025-10-12 21:51:39,00,80,10.0,3 - Zachmurzenie całkowite
2025-10-12 22:39:11,00,80,9.9,3 - Zachmurzenie całkowite
2025-10-12 22:53:16,00,80,9.9,3 - Zachmurzenie całkowite
2025-10-12 23:27:05,00,80,9.9,51 - Mżawka lekka
2025-10-12 23:40:42,00,80,9.9,51 - Mżawka lekka
2025-10-12 23:53:08,00,80,9.9,51 - Mżawka lekka
2025-10-13 00:33:02,00,80,9.9,53 - Mżawka umiarkowana
2025-10-13 00:51:07,00,80,9.9,53 - Mżawka umiarkowana
2025-10-13 01:40:57,00,80,9.8,53 - Mżawka umiarkowana
2025-10-13 01:53:11,00,80,9.6,53 - Mżawka umiarkowana
2025-10-13 05:33:38,00,80,4.9,0 - Bezchmurnie
2025-10-13 06:02:39,00,80,4.5,0 - Bezchmurnie
2025-10-13 06:43:21,12,80,4.2,0 - Bezchmurnie
2025-10-13 06:54:26,12,80,4.0,0 - Bezchmurnie
2025-10-13 07:38:28,7,80,4.1,1 - Głównie słonecznie
2025-10-13 07:52:55,7,80,4.2,2 - Częściowo pochmurno
2025-10-13 08:55:08,7,80,5.3,3 - Zachmurzenie całkowite
2025-10-13 09:34:24,13,80,6.6,3 - Zachmurzenie całkowite
2025-10-13 09:51:15,13,80,7.1,3 - Zachmurzenie całkowite
2025-10-13 10:52:19,18,80,8.7,3 - Zachmurzenie całkowite
2025-10-13 11:42:30,30,80,9.4,3 - Zachmurzenie całkowite
2025-10-13 11:53:47,30,80,9.6,3 - Zachmurzenie całkowite
2025-10-13 12:44:26,26,80,10.1,3 - Zachmurzenie całkowite
2025-10-13 12:58:07,26,80,10.4,3 - Zachmurzenie całkowite
2025-10-13 13:29:20,15,80,10.6,2 - Częściowo pochmurno
2025-10-13 13:41:46,15,80,10.8,2 - Częściowo pochmurno
2025-10-13 13:52:43,15,80,10.9,1 - Głównie słonecznie
2025-10-13 15:45:45,35,80,10.5,3 - Zachmurzenie całkowite
2025-10-13 16:00:29,35,80,10.4,3 - Zachmurzenie całkowite
2025-10-13 16:46:40,35,80,9.7,3 - Zachmurzenie całkowite
2025-10-13 16:57:14,35,80,9.7,3 - Zachmurzenie całkowite
2025-10-13 17:39:18,35,80,9.3,2 - Częściowo pochmurno
2025-10-13 17:55:04,70,80,9.0,1 - Głównie słonecznie
2025-10-13 18:50:30,70,80,7.7,53 - Mżawka umiarkowana
2025-10-13 19:03:10,70,80,7.4,3 - Zachmurzenie całkowite
2025-10-13 19:37:01,70,80,6.9,3 - Zachmurzenie całkowite
2025-10-13 19:57:50,80,80,6.7,3 - Zachmurzenie całkowite
2025-10-13 20:53:45,80,80,6.4,3 - Zachmurzenie całkowite
2025-10-13 21:23:49,80,80,6.4,3 - Zachmurzenie całkowite
2025-10-13 21:42:29,00,80,6.4,3 - Zachmurzenie całkowite
2025-10-13 21:51:45,00,80,6.5,3 - Zachmurzenie całkowite
2025-10-13 22:34:52,00,80,6.4,2 - Częściowo pochmurno
2025-10-13 22:51:14,00,80,6.2,1 - Głównie słonecznie
2025-10-13 23:28:14,00,80,5.8,2 - Częściowo pochmurno
2025-10-13 23:40:04,00,80,5.7,1 - Głównie słonecznie
2025-10-13 23:52:39,00,80,5.6,0 - Bezchmurnie
2025-10-14 00:35:11,00,80,5.2,0 - Bezchmurnie
2025-10-14 00:52:53,00,80,5.1,0 - Bezchmurnie
2025-10-14 01:27:48,00,80,4.9,1 - Głównie słonecznie
2025-10-14 01:42:21,00,80,4.9,2 - Częściowo pochmurno
2025-10-14 01:52:28,00,80,4.9,3 - Zachmurzenie całkowite
2025-10-14 05:13:47,00,80,5.5,2 - Częściowo pochmurno
2025-10-14 05:52:36,00,80,5.7,3 - Zachmurzenie całkowite
2025-10-14 06:41:00,12,80,5.7,3 - Zachmurzenie całkowite
2025-10-14 06:51:24,12,80,5.7,3 - Zachmurzenie całkowite
2025-10-14 07:40:18,12,80,5.8,3 - Zachmurzenie całkowite
2025-10-14 07:51:25,12,80,5.8,3 - Zachmurzenie całkowite
2025-10-14 08:53:05,23,80,6.2,2 - Częściowo pochmurno
2025-10-14 09:33:21,37,80,7.0,0 - Bezchmurnie
2025-10-14 09:52:09,37,80,7.3,0 - Bezchmurnie
2025-10-14 10:47:09,37,80,8.3,0 - Bezchmurnie
2025-10-14 10:59:17,37,80,8.3,0 - Bezchmurnie
2025-10-14 11:39:02,24,80,8.8,2 - Częściowo pochmurno
2025-10-14 11:51:13,24,80,8.9,2 - Częściowo pochmurno
2025-10-14 12:43:32,24,80,9.3,2 - Częściowo pochmurno
2025-10-14 12:53:30,24,80,9.4,1 - Głównie słonecznie
2025-10-14 13:28:54,26,80,9.6,1 - Głównie słonecznie
2025-10-14 13:43:48,26,80,9.6,2 - Częściowo pochmurno
2025-10-14 13:52:21,26,80,9.7,3 - Zachmurzenie całkowite
2025-10-14 15:44:58,65,80,8.9,3 - Zachmurzenie całkowite
2025-10-14 15:59:52,65,80,8.9,3 - Zachmurzenie całkowite
2025-10-14 16:48:15,65,80,8.8,1 - Głównie słonecznie
2025-10-14 17:00:21,65,80,8.8,1 - Głównie słonecznie
2025-10-14 17:42:45,60,80,8.2,3 - Zachmurzenie całkowite
2025-10-14 17:56:11,60,80,8.1,3 - Zachmurzenie całkowite
2025-10-14 18:52:51,60,80,7.7,3 - Zachmurzenie całkowite
2025-10-14 19:33:51,65,80,7.4,3 - Zachmurzenie całkowite
2025-10-14 19:44:11,65,80,7.4,3 - Zachmurzenie całkowite
2025-10-14 19:55:44,65,80,7.3,3 - Zachmurzenie całkowite
2025-10-14 20:53:44,80,80,6.9,3 - Zachmurzenie całkowite
2025-10-14 21:29:43,00,80,7.0,3 - Zachmurzenie całkowite
2025-10-14 21:41:04,00,80,7.1,3 - Zachmurzenie całkowite
2025-10-14 21:53:35,00,80,7.1,3 - Zachmurzenie całkowite
2025-10-14 22:37:00,00,80,7.1,3 - Zachmurzenie całkowite
2025-10-14 22:51:44,00,80,7.1,3 - Zachmurzenie całkowite
2025-10-14 23:29:43,00,80,7.1,3 - Zachmurzenie całkowite
2025-10-14 23:41:05,00,80,7.1,3 - Zachmurzenie całkowite
2025-10-14 23:52:03,00,80,7.1,3 - Zachmurzenie całkowite
2025-10-15 00:34:08,00,80,6.8,2 - Częściowo pochmurno
2025-10-15 00:51:23,00,80,6.7,1 - Głównie słonecznie
2025-10-15 01:31:09,00,80,6.0,1 - Głównie słonecznie
2025-10-15 01:43:21,00,80,6.0,1 - Głównie słonecznie
2025-10-15 01:51:39,00,80,5.7,2 - Częściowo pochmurno
2025-10-15 05:16:57,00,80,6.1,3 - Zachmurzenie całkowite
2025-10-15 05:54:31,00,80,6.3,3 - Zachmurzenie całkowite
2025-10-15 06:44:35,21,80,6.4,3 - Zachmurzenie całkowite
2025-10-15 06:52:49,21,80,6.5,3 - Zachmurzenie całkowite
2025-10-15 07:37:23,21,80,6.7,3 - Zachmurzenie całkowite
2025-10-15 07:52:10,21,80,6.8,3 - Zachmurzenie całkowite
2025-10-15 08:52:03,45,80,7.1,3 - Zachmurzenie całkowite
2025-10-15 09:35:26,21,80,7.3,3 - Zachmurzenie całkowite
2025-10-15 09:52:45,21,80,7.4,3 - Zachmurzenie całkowite
2025-10-15 10:52:26,38,80,8.1,3 - Zachmurzenie całkowite
2025-10-15 11:40:45,38,80,8.5,3 - Zachmurzenie całkowite
2025-10-15 11:51:08,38,80,8.8,3 - Zachmurzenie całkowite
2025-10-15 12:44:31,49,80,9.4,3 - Zachmurzenie całkowite
2025-10-15 12:55:21,49,80,9.5,2 - Częściowo pochmurno
2025-10-15 13:28:46,49,80,9.8,2 - Częściowo pochmurno
2025-10-15 13:42:26,49,80,10.0,1 - Głównie słonecznie
2025-10-15 13:54:16,49,80,10.1,1 - Głównie słonecznie
2025-10-15 15:48:29,45,80,10.9,0 - Bezchmurnie
2025-10-15 16:02:27,45,80,10.9,0 - Bezchmurnie
2025-10-15 16:51:36,78,80,10.4,2 - Częściowo pochmurno
2025-10-15 16:58:22,78,80,10.4,2 - Częściowo pochmurno
2025-10-15 17:38:06,60,80,10.4,2 - Częściowo pochmurno
2025-10-15 17:56:15,60,80,10.2,1 - Głównie słonecznie
2025-10-15 18:50:33,80,80,8.5,0 - Bezchmurnie
2025-10-15 19:00:34,80,80,8.1,0 - Bezchmurnie
2025-10-15 19:38:35,78,80,7.7,2 - Częściowo pochmurno
2025-10-15 19:57:21,80,80,7.6,3 - Zachmurzenie całkowite
2025-10-15 20:57:28,80,80,7.3,3 - Zachmurzenie całkowite
2025-10-15 21:31:07,00,80,7.3,3 - Zachmurzenie całkowite
2025-10-15 21:47:18,00,80,7.4,3 - Zachmurzenie całkowite
2025-10-15 21:58:24,00,80,7.4,3 - Zachmurzenie całkowite
2025-10-15 22:40:25,00,80,7.3,3 - Zachmurzenie całkowite
2025-10-15 22:52:13,00,80,7.2,3 - Zachmurzenie całkowite
2025-10-15 23:29:30,00,80,7.2,3 - Zachmurzenie całkowite
2025-10-15 23:42:40,00,80,6.8,2 - Częściowo pochmurno
2025-10-15 23:53:00,00,80,6.5,1 - Głównie słonecznie
2025-10-16 00:33:55,00,80,6.2,0 - Bezchmurnie
2025-10-16 00:51:33,00,80,6.2,0 - Bezchmurnie
2025-10-16 01:28:18,00,80,6.1,0 - Bezchmurnie
2025-10-16 01:41:12,00,80,5.9,1 - Głównie słonecznie
2025-10-16 01:52:52,00,80,5.7,2 - Częściowo pochmurno
2025-10-16 05:15:13,00,80,4.8,2 - Częściowo pochmurno
2025-10-16 05:55:38,00,80,4.8,3 - Zachmurzenie całkowite
2025-10-16 06:41:36,12,80,4.6,3 - Zachmurzenie całkowite
2025-10-16 06:53:42,12,80,4.4,2 - Częściowo pochmurno
2025-10-16 07:35:19,12,80,4.6,1 - Głównie słonecznie
2025-10-16 07:52:17,12,80,4.7,0 - Bezchmurnie
2025-10-16 08:53:22,35,80,6.7,0 - Bezchmurnie
2025-10-16 09:32:28,35,80,8.1,0 - Bezchmurnie
2025-10-16 09:52:39,35,80,8.6,0 - Bezchmurnie
2025-10-16 10:54:52,35,80,10.1,1 - Głównie słonecznie
2025-10-16 11:41:05,55,80,11.2,1 - Głównie słonecznie
2025-10-16 11:51:44,55,80,11.6,1 - Głównie słonecznie
2025-10-16 12:42:30,25,80,12.2,1 - Głównie słonecznie
2025-10-16 12:53:31,25,80,12.4,1 - Głównie słonecznie
2025-10-16 13:30:02,25,80,12.9,1 - Głównie słonecznie
2025-10-16 13:43:43,25,80,12.9,1 - Głównie słonecznie
2025-10-16 13:53:12,25,80,13.1,0 - Bezchmurnie
2025-10-16 15:42:11,50,80,13.0,0 - Bezchmurnie
2025-10-16 15:59:06,50,80,12.9,0 - Bezchmurnie
2025-10-16 16:45:57,50,80,12.1,3 - Zachmurzenie całkowite
2025-10-16 16:58:49,50,80,12.1,3 - Zachmurzenie całkowite
2025-10-16 17:40:42,80,80,11.6,3 - Zachmurzenie całkowite
2025-10-16 17:55:22,80,80,11.4,3 - Zachmurzenie całkowite
2025-10-16 18:55:31,80,80,10.6,3 - Zachmurzenie całkowite
2025-10-16 19:39:02,50,80,10.2,3 - Zachmurzenie całkowite
2025-10-16 19:55:07,75,80,10.1,3 - Zachmurzenie całkowite
2025-10-16 20:57:41,60,80,9.9,3 - Zachmurzenie całkowite
2025-10-16 21:27:22,00,80,9.6,2 - Częściowo pochmurno
2025-10-16 21:42:12,00,80,9.2,1 - Głównie słonecznie
2025-10-16 21:51:32,00,80,8.8,0 - Bezchmurnie
2025-10-16 22:37:55,00,80,8.2,1 - Głównie słonecznie
2025-10-16 22:53:54,00,80,8.1,2 - Częściowo pochmurno
2025-10-16 23:27:19,00,80,8.1,3 - Zachmurzenie całkowite
2025-10-16 23:42:28,00,80,8.6,2 - Częściowo pochmurno
2025-10-16 23:52:27,00,80,8.6,2 - Częściowo pochmurno
2025-10-17 00:31:38,00,80,8.5,2 - Częściowo pochmurno
2025-10-17 00:52:38,00,80,8.4,2 - Częściowo pochmurno
2025-10-17 01:25:42,00,80,8.2,3 - Zachmurzenie całkowite
2025-10-17 01:39:08,00,80,8.2,3 - Zachmurzenie całkowite
2025-10-17 01:52:28,00,80,8.2,3 - Zachmurzenie całkowite
2025-10-17 03:25:39,00,80,8.7,3 - Zachmurzenie całkowite
2025-10-17 04:49:05,00,80,8.8,3 - Zachmurzenie całkowite
2025-10-17 05:33:47,00,80,8.7,3 - Zachmurzenie całkowite
2025-10-17 05:54:09,00,80,8.6,3 - Zachmurzenie całkowite
2025-10-17 06:25:14,13,80,8.6,3 - Zachmurzenie całkowite
2025-10-17 06:43:31,13,80,8.6,3 - Zachmurzenie całkowite
2025-10-17 06:53:51,13,80,8.6,3 - Zachmurzenie całkowite
2025-10-17 07:20:11,13,80,8.6,51 - Mżawka lekka
2025-10-17 07:42:06,13,80,8.8,51 - Mżawka lekka
2025-10-17 07:51:36,13,80,8.8,51 - Mżawka lekka
2025-10-17 08:28:10,13,80,9.0,3 - Zachmurzenie całkowite
2025-10-17 08:50:30,13,80,9.2,3 - Zachmurzenie całkowite
2025-10-17 09:19:29,55,80,9.6,3 - Zachmurzenie całkowite
2025-10-17 09:38:51,55,80,9.9,3 - Zachmurzenie całkowite
2025-10-17 09:52:40,55,80,10.2,3 - Zachmurzenie całkowite
2025-10-17 10:26:22,55,80,10.6,3 - Zachmurzenie całkowite
2025-10-17 10:48:15,15,80,10.9,3 - Zachmurzenie całkowite
2025-10-17 11:21:06,15,80,11.1,3 - Zachmurzenie całkowite
2025-10-17 11:41:01,15,80,11.1,3 - Zachmurzenie całkowite
2025-10-17 11:52:15,15,80,11.1,3 - Zachmurzenie całkowite
2025-10-17 12:22:46,15,80,11.1,3 - Zachmurzenie całkowite
2025-10-17 12:42:44,15,80,11.0,3 - Zachmurzenie całkowite
2025-10-17 12:53:03,25,80,11.0,3 - Zachmurzenie całkowite
2025-10-17 13:15:51,25,80,11.0,3 - Zachmurzenie całkowite
2025-10-17 13:39:20,25,80,11.0,3 - Zachmurzenie całkowite
2025-10-17 13:53:15,25,80,11.1,3 - Zachmurzenie całkowite
2025-10-17 14:39:34,45,80,11.1,3 - Zachmurzenie całkowite
2025-10-17 15:17:19,70,80,11.0,3 - Zachmurzenie całkowite
2025-10-17 15:44:00,70,80,11.1,3 - Zachmurzenie całkowite
2025-10-17 15:54:51,70,80,11.1,3 - Zachmurzenie całkowite
2025-10-17 16:19:00,70,80,11.1,3 - Zachmurzenie całkowite
2025-10-17 16:42:16,70,80,11.0,3 - Zachmurzenie całkowite
2025-10-17 16:53:05,70,80,10.9,3 - Zachmurzenie całkowite
2025-10-17 17:21:04,80,80,10.8,0 - Bezchmurnie
2025-10-17 17:40:27,80,80,10.6,1 - Głównie słonecznie
2025-10-17 17:51:20,80,80,10.3,2 - Częściowo pochmurno
2025-10-17 18:23:27,80,80,10.0,3 - Zachmurzenie całkowite
2025-10-17 18:46:40,80,80,9.9,3 - Zachmurzenie całkowite
2025-10-17 19:16:24,80,80,9.8,3 - Zachmurzenie całkowite
2025-10-17 19:38:55,79,80,9.8,3 - Zachmurzenie całkowite
2025-10-17 19:51:09,79,80,9.7,3 - Zachmurzenie całkowite
2025-10-17 20:25:25,79,80,9.7,3 - Zachmurzenie całkowite
2025-10-17 20:46:36,75,80,9.6,3 - Zachmurzenie całkowite
2025-10-17 21:15:30,70,80,9.5,3 - Zachmurzenie całkowite
2025-10-17 21:27:14,70,80,9.5,3 - Zachmurzenie całkowite
2025-10-17 21:39:29,70,80,9.4,3 - Zachmurzenie całkowite
2025-10-17 21:50:59,00,80,9.4,3 - Zachmurzenie całkowite
2025-10-17 22:21:16,00,80,9.2,3 - Zachmurzenie całkowite
2025-10-17 22:40:20,00,80,9.1,3 - Zachmurzenie całkowite
2025-10-17 22:51:10,00,80,8.9,3 - Zachmurzenie całkowite
2025-10-17 23:16:37,00,80,8.9,3 - Zachmurzenie całkowite
2025-10-17 23:36:55,00,80,8.9,3 - Zachmurzenie całkowite
2025-10-17 23:51:28,00,80,8.9,3 - Zachmurzenie całkowite
2025-10-18 00:17:25,00,80,8.7,51 - Mżawka lekka
2025-10-18 00:39:31,00,80,8.6,51 - Mżawka lekka
2025-10-18 00:51:05,00,80,8.6,51 - Mżawka lekka
2025-10-18 01:16:50,00,80,8.6,51 - Mżawka lekka
2025-10-18 01:37:34,00,80,8.6,51 - Mżawka lekka
2025-10-18 01:51:05,00,80,8.6,51 - Mżawka lekka
2025-10-18 03:20:15,00,80,8.3,51 - Mżawka lekka
2025-10-18 04:40:22,00,80,8.1,3 - Zachmurzenie całkowite
2025-10-18 05:18:26,00,80,8.3,3 - Zachmurzenie całkowite
2025-10-18 05:44:55,00,80,8.3,3 - Zachmurzenie całkowite
2025-10-18 05:55:13,00,80,8.3,3 - Zachmurzenie całkowite
2025-10-18 06:21:41,10,80,8.3,3 - Zachmurzenie całkowite
2025-10-18 06:41:02,10,80,8.2,2 - Częściowo pochmurno
2025-10-18 06:51:55,16,80,8.2,1 - Głównie słonecznie
2025-10-18 07:17:47,25,80,8.1,0 - Bezchmurnie
2025-10-18 07:39:46,41,80,8.0,0 - Bezchmurnie
2025-10-18 07:51:24,41,80,7.8,0 - Bezchmurnie
2025-10-18 08:26:28,74,80,7.8,1 - Głównie słonecznie
2025-10-18 08:46:12,74,80,7.9,2 - Częściowo pochmurno
2025-10-18 09:16:34,78,80,8.1,3 - Zachmurzenie całkowite
2025-10-18 09:37:06,78,80,8.1,3 - Zachmurzenie całkowite
2025-10-18 09:50:39,78,80,8.1,3 - Zachmurzenie całkowite
2025-10-18 10:22:58,78,80,8.1,2 - Częściowo pochmurno
2025-10-18 10:43:34,78,80,8.1,2 - Częściowo pochmurno
2025-10-18 10:53:36,78,80,8.1,1 - Głównie słonecznie
2025-10-18 11:17:49,80,80,8.1,0 - Bezchmurnie
2025-10-18 11:37:35,80,80,8.1,1 - Głównie słonecznie
2025-10-18 11:51:12,80,80,8.1,2 - Częściowo pochmurno
2025-10-18 12:18:14,72,80,7.9,51 - Mżawka lekka
2025-10-18 12:39:48,72,80,7.9,51 - Mżawka lekka
2025-10-18 12:50:37,72,80,7.8,51 - Mżawka lekka
2025-10-18 13:14:13,72,80,7.8,51 - Mżawka lekka
2025-10-18 13:26:37,72,80,7.8,51 - Mżawka lekka
2025-10-18 13:38:27,72,80,7.9,51 - Mżawka lekka
2025-10-18 13:50:51,72,80,8.1,51 - Mżawka lekka
2025-10-18 14:35:29,72,80,8.4,3 - Zachmurzenie całkowite
2025-10-18 15:05:05,64,80,7.9,3 - Zachmurzenie całkowite
2025-10-18 15:31:32,64,80,7.2,3 - Zachmurzenie całkowite
2025-10-18 15:50:44,64,80,6.7,3 - Zachmurzenie całkowite
2025-10-18 16:38:29,64,80,6.1,51 - Mżawka lekka
2025-10-18 16:51:08,53,80,6.0,51 - Mżawka lekka
2025-10-18 17:16:59,53,80,5.9,51 - Mżawka lekka
2025-10-18 17:50:53,53,80,6.1,51 - Mżawka lekka
2025-10-18 18:21:10,53,80,5.9,51 - Mżawka lekka
2025-10-18 18:42:21,53,80,5.7,51 - Mżawka lekka
2025-10-18 18:52:31,53,80,5.6,51 - Mżawka lekka
2025-10-18 19:14:32,53,80,5.4,51 - Mżawka lekka
2025-10-18 19:29:26,53,80,5.2,51 - Mżawka lekka
2025-10-18 19:40:32,53,80,5.1,51 - Mżawka lekka
2025-10-18 19:50:47,53,80,4.9,51 - Mżawka lekka
2025-10-18 20:24:06,53,80,4.9,51 - Mżawka lekka
2025-10-18 20:44:26,43,80,4.8,51 - Mżawka lekka
2025-10-18 20:55:00,43,80,4.8,51 - Mżawka lekka
2025-10-18 21:13:41,00,80,4.8,51 - Mżawka lekka
2025-10-18 21:25:20,00,80,4.8,51 - Mżawka lekka
2025-10-18 21:37:48,00,80,4.8,51 - Mżawka lekka
2025-10-18 21:51:42,00,80,4.9,51 - Mżawka lekka
2025-10-18 22:19:10,00,80,4.9,51 - Mżawka lekka
2025-10-18 22:38:41,00,80,4.8,51 - Mżawka lekka
2025-10-18 22:51:19,00,80,4.8,51 - Mżawka lekka
2025-10-18 23:15:25,00,80,4.7,51 - Mżawka lekka
2025-10-18 23:28:19,00,80,4.8,3 - Zachmurzenie całkowite
2025-10-18 23:39:35,00,80,4.8,3 - Zachmurzenie całkowite
2025-10-18 23:50:48,00,80,4.9,3 - Zachmurzenie całkowite
2025-10-19 00:16:39,00,80,4.9,51 - Mżawka lekka
2025-10-19 00:39:06,00,80,4.9,51 - Mżawka lekka
2025-10-19 00:50:47,00,80,5.0,51 - Mżawka lekka
2025-10-19 01:16:37,00,80,5.1,51 - Mżawka lekka
2025-10-19 01:37:24,00,80,5.1,51 - Mżawka lekka
2025-10-19 01:51:04,00,80,5.1,51 - Mżawka lekka
2025-10-19 03:41:22,00,80,4.2,0 - Bezchmurnie
2025-10-19 05:07:13,00,80,3.4,0 - Bezchmurnie
2025-10-19 05:53:08,00,80,3.0,0 - Bezchmurnie
2025-10-19 06:23:25,15,80,3.0,1 - Głównie słonecznie
2025-10-19 06:43:52,15,80,3.1,2 - Częściowo pochmurno
2025-10-19 06:54:22,15,80,3.2,3 - Zachmurzenie całkowite
2025-10-19 07:19:02,22,80,3.5,3 - Zachmurzenie całkowite
2025-10-19 07:40:25,22,80,3.5,3 - Zachmurzenie całkowite
2025-10-19 07:50:52,22,80,3.7,3 - Zachmurzenie całkowite
2025-10-19 08:27:24,22,80,3.9,3 - Zachmurzenie całkowite
2025-10-19 08:47:21,22,80,4.1,3 - Zachmurzenie całkowite
2025-10-19 09:16:43,55,80,4.3,3 - Zachmurzenie całkowite
2025-10-19 09:36:53,55,80,4.4,3 - Zachmurzenie całkowite
2025-10-19 09:51:12,55,80,4.5,3 - Zachmurzenie całkowite
2025-10-19 10:22:06,55,80,4.8,3 - Zachmurzenie całkowite
2025-10-19 10:41:54,55,80,5.2,3 - Zachmurzenie całkowite
2025-10-19 10:52:51,55,80,5.6,3 - Zachmurzenie całkowite
2025-10-19 11:17:25,55,80,6.0,3 - Zachmurzenie całkowite
2025-10-19 11:37:15,55,80,5.8,3 - Zachmurzenie całkowite
2025-10-19 11:51:13,63,80,5.8,3 - Zachmurzenie całkowite
2025-10-19 12:18:09,70,80,6.2,3 - Zachmurzenie całkowite
2025-10-19 12:39:29,70,80,6.6,2 - Częściowo pochmurno
2025-10-19 12:51:15,70,80,7.0,1 - Głównie słonecznie
2025-10-19 13:14:11,70,80,7.2,1 - Głównie słonecznie
2025-10-19 13:26:23,70,80,7.3,1 - Głównie słonecznie
2025-10-19 13:38:36,70,80,7.3,1 - Głównie słonecznie
2025-10-19 13:51:03,70,80,7.3,2 - Częściowo pochmurno
2025-10-19 14:35:37,70,80,7.6,51 - Mżawka lekka
2025-10-19 15:05:04,70,80,7.8,3 - Zachmurzenie całkowite
2025-10-19 15:31:49,70,80,7.7,3 - Zachmurzenie całkowite
2025-10-19 15:51:14,70,80,7.6,3 - Zachmurzenie całkowite
2025-10-19 16:15:43,70,80,7.4,3 - Zachmurzenie całkowite
2025-10-19 16:38:21,70,80,7.3,3 - Zachmurzenie całkowite
2025-10-19 16:51:21,70,80,7.2,3 - Zachmurzenie całkowite
2025-10-19 17:16:48,70,80,7.0,3 - Zachmurzenie całkowite
2025-10-19 17:37:13,40,80,6.7,1 - Głównie słonecznie
2025-10-19 17:50:44,40,80,6.4,2 - Częściowo pochmurno
2025-10-19 18:21:17,40,80,6.1,3 - Zachmurzenie całkowite
2025-10-19 18:42:39,35,80,5.8,3 - Zachmurzenie całkowite
2025-10-19 18:53:21,35,80,5.6,3 - Zachmurzenie całkowite
2025-10-19 19:15:33,35,80,5.2,3 - Zachmurzenie całkowite
2025-10-19 19:30:45,50,80,5.2,3 - Zachmurzenie całkowite
2025-10-19 19:50:44,50,80,5.1,3 - Zachmurzenie całkowite
2025-10-19 20:24:40,43,80,4.8,3 - Zachmurzenie całkowite
2025-10-19 20:45:06,43,80,4.7,3 - Zachmurzenie całkowite
2025-10-19 20:55:02,Brak,Brak,4.7,3 - Zachmurzenie całkowite
2025-10-19 21:14:30,00,80,4.6,3 - Zachmurzenie całkowite
2025-10-19 21:25:57,00,80,4.4,2 - Częściowo pochmurno
2025-10-19 21:38:00,00,80,4.2,1 - Głównie słonecznie
2025-10-19 21:51:53,00,80,4.0,1 - Głównie słonecznie
2025-10-19 22:19:55,00,80,3.5,0 - Bezchmurnie
2025-10-19 22:39:36,00,80,3.0,0 - Bezchmurnie
2025-10-19 22:50:49,00,80,2.5,0 - Bezchmurnie
2025-10-19 23:16:00,00,80,2.1,0 - Bezchmurnie
2025-10-19 23:37:08,00,80,1.8,0 - Bezchmurnie
2025-10-19 23:50:51,00,80,1.7,0 - Bezchmurnie
2025-10-20 00:17:51,00,80,1.5,0 - Bezchmurnie
2025-10-20 00:40:27,00,80,1.4,0 - Bezchmurnie
2025-10-20 00:51:16,00,80,1.4,1 - Głównie słonecznie
2025-10-20 01:17:01,00,80,1.3,1 - Głównie słonecznie
2025-10-20 01:37:11,00,80,1.4,2 - Częściowo pochmurno
2025-10-20 01:50:58,00,80,1.5,3 - Zachmurzenie całkowite
2025-10-20 03:39:02,00,80,1.9,1 - Głównie słonecznie
2025-10-20 05:06:51,00,80,1.2,0 - Bezchmurnie
2025-10-20 05:55:30,00,80,1.0,0 - Bezchmurnie
2025-10-20 06:25:59,9,80,0.9,0 - Bezchmurnie
2025-10-20 06:44:58,9,80,0.6,0 - Bezchmurnie
2025-10-20 06:55:33,9,80,0.4,0 - Bezchmurnie
2025-10-20 07:20:14,20,80,0.2,0 - Bezchmurnie
2025-10-20 07:51:35,20,80,0.2,0 - Bezchmurnie
2025-10-20 08:52:38,35,80,1.6,0 - Bezchmurnie
2025-10-20 09:19:44,43,80,2.8,0 - Bezchmurnie
2025-10-20 09:39:48,43,80,3.5,0 - Bezchmurnie
2025-10-20 09:51:35,43,80,4.2,0 - Bezchmurnie
2025-10-20 10:26:56,43,80,5.2,0 - Bezchmurnie
2025-10-20 10:48:30,43,80,6.2,0 - Bezchmurnie
2025-10-20 11:22:25,43,80,6.7,0 - Bezchmurnie
2025-10-20 11:42:59,43,80,7.1,0 - Bezchmurnie
2025-10-20 11:53:27,43,80,7.3,0 - Bezchmurnie
2025-10-20 12:21:39,43,80,7.8,0 - Bezchmurnie
2025-10-20 12:45:12,38,80,8.1,0 - Bezchmurnie
2025-10-20 12:55:40,38,80,8.1,0 - Bezchmurnie
2025-10-20 13:17:34,15,80,8.4,0 - Bezchmurnie
2025-10-20 13:37:33,15,80,8.6,0 - Bezchmurnie
2025-10-20 13:50:55,15,80,8.6,0 - Bezchmurnie
2025-10-20 14:41:03,15,80,9.1,0 - Bezchmurnie
2025-10-20 15:19:24,15,80,9.0,0 - Bezchmurnie
2025-10-20 15:46:34,62,80,8.7,0 - Bezchmurnie
2025-10-20 16:18:43,80,80,8.4,0 - Bezchmurnie
2025-10-20 16:43:37,80,80,8.0,0 - Bezchmurnie
2025-10-20 16:54:35,80,80,7.7,0 - Bezchmurnie
2025-10-20 17:20:21,80,80,7.2,0 - Bezchmurnie
2025-10-20 17:51:02,80,80,6.2,0 - Bezchmurnie
2025-10-20 18:24:50,80,80,5.4,0 - Bezchmurnie
2025-10-20 18:47:00,80,80,4.7,0 - Bezchmurnie
2025-10-20 19:17:08,68,80,4.1,0 - Bezchmurnie
2025-10-20 19:40:26,80,80,3.7,0 - Bezchmurnie
2025-10-20 19:51:00,80,80,3.3,0 - Bezchmurnie
2025-10-20 20:29:27,80,80,3.2,0 - Bezchmurnie
2025-10-20 20:52:18,80,80,2.7,0 - Bezchmurnie
2025-10-20 21:17:23,00,80,2.3,0 - Bezchmurnie
2025-10-20 21:38:09,00,80,2.0,0 - Bezchmurnie
2025-10-20 21:50:48,00,80,1.8,0 - Bezchmurnie
2025-10-20 22:23:59,00,80,1.5,0 - Bezchmurnie
2025-10-20 22:43:04,00,80,1.3,0 - Bezchmurnie
2025-10-20 22:53:32,00,80,1.1,0 - Bezchmurnie
2025-10-20 23:18:18,00,80,1.0,0 - Bezchmurnie
2025-10-20 23:38:34,00,80,0.9,0 - Bezchmurnie
2025-10-20 23:51:38,00,80,0.9,0 - Bezchmurnie
2025-10-21 00:19:42,00,80,0.6,0 - Bezchmurnie
2025-10-21 00:40:19,00,80,0.6,0 - Bezchmurnie
2025-10-21 00:52:55,00,80,0.5,0 - Bezchmurnie
2025-10-21 01:17:50,00,80,0.4,0 - Bezchmurnie
2025-10-21 01:39:04,00,80,0.3,0 - Bezchmurnie
2025-10-21 01:52:27,00,80,0.3,0 - Bezchmurnie
2025-10-21 03:26:46,00,80,0.1,0 - Bezchmurnie
2025-10-21 04:53:35,00,80,-0.3,0 - Bezchmurnie
2025-10-21 05:39:54,00,80,-0.6,0 - Bezchmurnie
2025-10-21 05:55:56,00,80,-0.6,0 - Bezchmurnie
2025-10-21 06:24:33,00,80,-0.6,0 - Bezchmurnie
2025-10-21 06:45:55,Brak,Brak,-0.4,0 - Bezchmurnie
2025-10-21 06:55:52,00,80,-0.4,0 - Bezchmurnie
2025-10-21 07:20:09,17,80,-0.2,0 - Bezchmurnie
2025-10-21 07:42:38,17,80,0.1,0 - Bezchmurnie
2025-10-21 07:53:47,17,80,0.4,0 - Bezchmurnie
2025-10-21 08:30:48,30,80,2.0,0 - Bezchmurnie
2025-10-21 08:53:52,30,80,2.6,0 - Bezchmurnie
2025-10-21 09:21:47,30,80,3.8,0 - Bezchmurnie
2025-10-21 09:39:44,45,80,4.5,0 - Bezchmurnie
2025-10-21 09:53:30,45,80,5.2,0 - Bezchmurnie
2025-10-21 10:29:34,45,80,6.2,0 - Bezchmurnie
2025-10-21 10:51:30,15,80,7.5,0 - Bezchmurnie
2025-10-21 11:21:35,15,80,8.5,1 - Głównie słonecznie
2025-10-21 11:42:49,15,80,9.0,1 - Głównie słonecznie
2025-10-21 11:54:31,15,80,9.6,1 - Głównie słonecznie
2025-10-21 12:21:02,50,80,10.6,2 - Częściowo pochmurno
2025-10-21 12:44:15,50,80,10.9,2 - Częściowo pochmurno
2025-10-21 12:54:41,50,80,11.2,3 - Zachmurzenie całkowite
2025-10-21 13:18:00,50,80,11.4,3 - Zachmurzenie całkowite
2025-10-21 13:38:24,50,80,11.1,3 - Zachmurzenie całkowite
2025-10-21 13:53:09,40,80,10.9,3 - Zachmurzenie całkowite
2025-10-21 14:43:16,40,80,10.5,3 - Zachmurzenie całkowite
2025-10-21 15:24:06,80,80,9.6,3 - Zachmurzenie całkowite
2025-10-21 15:51:03,80,80,9.4,3 - Zachmurzenie całkowite
2025-10-21 16:24:37,80,80,9.2,3 - Zachmurzenie całkowite
2025-10-21 16:55:18,80,80,8.9,3 - Zachmurzenie całkowite
2025-10-21 17:20:09,80,80,8.9,2 - Częściowo pochmurno
2025-10-21 17:42:43,80,80,8.4,2 - Częściowo pochmurno
2025-10-21 17:52:16,80,80,7.9,2 - Częściowo pochmurno
2025-10-21 18:28:55,80,80,7.2,3 - Zachmurzenie całkowite
2025-10-21 18:46:54,80,80,6.6,3 - Zachmurzenie całkowite
2025-10-21 19:19:25,70,80,6.2,3 - Zachmurzenie całkowite
2025-10-21 19:42:27,70,80,6.0,2 - Częściowo pochmurno
2025-10-21 19:51:42,70,80,5.9,2 - Częściowo pochmurno
2025-10-21 20:29:24,80,80,6.2,3 - Zachmurzenie całkowite
2025-10-21 20:51:29,80,80,6.2,3 - Zachmurzenie całkowite
2025-10-21 21:19:04,00,80,6.1,3 - Zachmurzenie całkowite
2025-10-21 21:40:20,00,80,6.1,3 - Zachmurzenie całkowite
2025-10-21 21:51:10,00,80,5.9,3 - Zachmurzenie całkowite
2025-10-21 22:25:54,00,80,5.9,3 - Zachmurzenie całkowite
2025-10-21 22:43:23,00,80,5.9,3 - Zachmurzenie całkowite
2025-10-21 22:55:14,00,80,5.9,3 - Zachmurzenie całkowite
2025-10-21 23:18:04,00,80,6.8,3 - Zachmurzenie całkowite
2025-10-21 23:38:58,00,80,6.7,3 - Zachmurzenie całkowite
2025-10-21 23:53:19,00,80,6.7,3 - Zachmurzenie całkowite
2025-10-22 00:20:08,00,80,6.5,3 - Zachmurzenie całkowite
2025-10-22 00:41:15,00,80,6.4,3 - Zachmurzenie całkowite
2025-10-22 00:51:19,00,80,6.3,3 - Zachmurzenie całkowite
2025-10-22 01:20:32,00,80,6.2,3 - Zachmurzenie całkowite
2025-10-22 01:38:34,00,80,6.2,3 - Zachmurzenie całkowite
2025-10-22 01:51:21,00,80,6.1,3 - Zachmurzenie całkowite
2025-10-22 03:28:41,00,80,5.2,3 - Zachmurzenie całkowite
2025-10-22 04:58:19,00,80,3.5,3 - Zachmurzenie całkowite
2025-10-22 05:46:41,00,80,4.5,3 - Zachmurzenie całkowite
2025-10-22 06:23:14,10,80,4.5,3 - Zachmurzenie całkowite
